asset,path,bytes,sha256,source_sha256,infrastructure_redacted
observational-data.zip,data/ucmr_raw/ucmr3-occurrence-data.zip,8860640,ac915f673cb8a13bd35c874b681811e91f64ba7822201af655a85d51e8e88bca,ac915f673cb8a13bd35c874b681811e91f64ba7822201af655a85d51e8e88bca,False
observational-data.zip,data/ucmr_raw/ucmr5-occurrence-data_final_20260828.zip,13530599,ff8a6bf937823cdd75295d02f662966e8473eececb47190c406b9de53b2b6389,ff8a6bf937823cdd75295d02f662966e8473eececb47190c406b9de53b2b6389,False
observational-data.zip,data/ucmr_raw/ucmr5-occurrence-data_snapshot_20260115.zip,13151505,b5a26312197d242411e22d93b0d60b8339cb5fd4559d26bf07b819e0a8e72a9f,b5a26312197d242411e22d93b0d60b8339cb5fd4559d26bf07b819e0a8e72a9f,False
observational-data.zip,outputs/est_competitiveness_v1_29_20260925/analysis/bootstrap.npz,294069,a42ee5eea87cd08d6eed5d3d1eb1aa21ea1f2b4c3b04617423cc5ca431a78745,a42ee5eea87cd08d6eed5d3d1eb1aa21ea1f2b4c3b04617423cc5ca431a78745,False
observational-data.zip,outputs/est_competitiveness_v1_29_20260925/analysis/contrasts_by_floor.csv,2703,6224a9bb36c651d882555ec4c96c2d906f196304833556738f87e80c18c52755,6224a9bb36c651d882555ec4c96c2d906f196304833556738f87e80c18c52755,False
observational-data.zip,outputs/est_competitiveness_v1_29_20260925/analysis/origin_panel_effect_by_floor.csv,768,861a193f8c56f3a77095f0137ff0e2c342bf96ae0df89607718b69efc0a72bb2,861a193f8c56f3a77095f0137ff0e2c342bf96ae0df89607718b69efc0a72bb2,False
observational-data.zip,outputs/est_competitiveness_v1_29_20260925/analysis/primary_resolution_contrast.csv,157,a9cdd75752938036418fc792d84a28b25bd3f2cda666a51a2255f528584cbd76,a9cdd75752938036418fc792d84a28b25bd3f2cda666a51a2255f528584cbd76,False
observational-data.zip,outputs/est_competitiveness_v1_29_20260925/analysis/same_record_concentrations.csv.gz,380696,6d2073ea3b5209ef98b165b3fafdc970f59107e943e8de1ab5c8f0b27fa8623f,6d2073ea3b5209ef98b165b3fafdc970f59107e943e8de1ab5c8f0b27fa8623f,False
observational-data.zip,outputs/est_competitiveness_v1_29_20260925/analysis/source_rates_by_floor.csv,1919,66bb6511888f7256ebbdc92d92f2d73f0cac8bf077d4eb182f3ad1fc884f927c,66bb6511888f7256ebbdc92d92f2d73f0cac8bf077d4eb182f3ad1fc884f927c,False
observational-data.zip,outputs/observation_design_20260925/cohort/availability.csv.gz,197542,5c6eda0c15e576c5ec7d398a9fe481366be7672cba720bf98243bcf93baf9ad9,5c6eda0c15e576c5ec7d398a9fe481366be7672cba720bf98243bcf93baf9ad9,False
observational-data.zip,outputs/observation_design_20260925/cohort/availability_by_source_and_size.csv,167,003ecf9482949fbabef9b32850a3659c44a34e5118843ec795f98dec4429d701,003ecf9482949fbabef9b32850a3659c44a34e5118843ec795f98dec4429d701,False
observational-data.zip,outputs/observation_design_20260925/cohort/exclusions.csv,399,8ddf6acd630a8648653537c0c73b3726da37a8d28e2ca7a4bd36feac317d06dd,8ddf6acd630a8648653537c0c73b3726da37a8d28e2ca7a4bd36feac317d06dd,False
observational-data.zip,outputs/observation_design_20260925/cohort/paired_panels.csv.gz,644051,8f1a64c0a55417fb59f3ce3225ef3de55e171539adbd6efa328ca4aa9f55bf9a,8f1a64c0a55417fb59f3ce3225ef3de55e171539adbd6efa328ca4aa9f55bf9a,False
observational-data.zip,outputs/research_expansion_20260925/environment/all_pair_observability.csv,31523,8bf3d040befb297f29135c6c388144f3972d0addf73f584bef422168eaf714af,8bf3d040befb297f29135c6c388144f3972d0addf73f584bef422168eaf714af,False
observational-data.zip,outputs/research_expansion_20260925/environment/common_support_cells.csv,4695,6dce19bab8a57833a8b42b7288bee58fed7f766f04a238e14fabc9583f783124,6dce19bab8a57833a8b42b7288bee58fed7f766f04a238e14fabc9583f783124,False
observational-data.zip,outputs/research_expansion_20260925/environment/display_pair_observability.csv,6666,45c37f2fed4de9f2a10b25007321a83d52bb4aedc9fe0574cafb3718aa0ad0ea,45c37f2fed4de9f2a10b25007321a83d52bb4aedc9fe0574cafb3718aa0ad0ea,False
observational-data.zip,outputs/research_expansion_20260925/environment/source_analysis_records.csv.gz,190457,a035672796ec0bc6ff520e23e6f45ca944447cb27115d658f1aa8105de35f4cf,a035672796ec0bc6ff520e23e6f45ca944447cb27115d658f1aa8105de35f4cf,False
observational-data.zip,outputs/research_expansion_20260925/environment/source_bootstrap.npz,359026,ffe712623610edff4bcae579259a5ac7e808ba37213c667b513e6b8e19215553,ffe712623610edff4bcae579259a5ac7e808ba37213c667b513e6b8e19215553,False
observational-data.zip,outputs/research_expansion_20260925/environment/source_cohort.csv,107,4497b7e43037aec23fc01280b8b634fc7cf64502e166f822f64e775784a38bc8,4497b7e43037aec23fc01280b8b634fc7cf64502e166f822f64e775784a38bc8,False
observational-data.zip,outputs/research_expansion_20260925/environment/source_contrasts.csv,2791,3789960d71bb9b0d7f9cd34919dc9bc95247e8a67d651438c3d824327429fd07,3789960d71bb9b0d7f9cd34919dc9bc95247e8a67d651438c3d824327429fd07,False
observational-data.zip,outputs/research_expansion_20260925/environment/source_rates.csv,2795,53e366979d43e791efed38926986d8d209713653849f846e93093ec6e387fd11,53e366979d43e791efed38926986d8d209713653849f846e93093ec6e387fd11,False
observational-data.zip,outputs/research_expansion_20260925/environment/standardization_weights.csv,1794,267ca9983451ee94d6e9548d086c9e5bb53255693abfcaaa6878cd534445e932,267ca9983451ee94d6e9548d086c9e5bb53255693abfcaaa6878cd534445e932,False
observational-data.zip,outputs/research_expansion_20260925/panel_attribution/analyte_contributions.csv,3059,53caaa9106f8f634bab2ed9b6d13472fc5baa88b380ac3b817c477f452858965,53caaa9106f8f634bab2ed9b6d13472fc5baa88b380ac3b817c477f452858965,False
observational-data.zip,outputs/research_expansion_20260925/panel_attribution/bootstrap.npz,335722,17d98dd9fdfa88cc5310ae5406f52284c159077644343d8590228d10fb40d517,17d98dd9fdfa88cc5310ae5406f52284c159077644343d8590228d10fb40d517,False
observational-data.zip,outputs/research_expansion_20260925/panel_attribution/combined_contributions.csv,321,9167d7706dc75a8d7af34a019c767a99bfc8f13982d6a52824c8ebaf3a2e2813,9167d7706dc75a8d7af34a019c767a99bfc8f13982d6a52824c8ebaf3a2e2813,False
observational-data.zip,outputs/significance_extension_20260924/panel_coverage/added_analyte_reporting_matched.csv,2121,e97439dc1c21df7e10759f0a69cc25b6d4e956f6c84bbc1746d71cbe4ac6481d,e97439dc1c21df7e10759f0a69cc25b6d4e956f6c84bbc1746d71cbe4ac6481d,False
observational-data.zip,outputs/significance_extension_20260924/panel_coverage/added_analytes_by_six_panel_status.csv,10856,b94ab0e2d44a9577e28963fc0c274435cb153dfc2c4953f58185b51801e20298,b94ab0e2d44a9577e28963fc0c274435cb153dfc2c4953f58185b51801e20298,False
observational-data.zip,outputs/significance_extension_20260924/panel_coverage/analytes_methods_cutoffs.csv,1175,bc420e7a0b69cf628c9a480302780141ee704e0dcd57cd8eddf307341f71abc4,bc420e7a0b69cf628c9a480302780141ee704e0dcd57cd8eddf307341f71abc4,False
observational-data.zip,outputs/significance_extension_20260924/panel_coverage/cohort_coverage.csv,190,56663dc6f284cbf7fe1c7e8a8a278d999bed3701ee9da061b15ca29ce9d92ef6,56663dc6f284cbf7fe1c7e8a8a278d999bed3701ee9da061b15ca29ce9d92ef6,False
observational-data.zip,outputs/significance_extension_20260924/panel_coverage/combinations_by_six_panel_status.csv,101887,634994f32900aa3c642644f320ad9016da90e9dbbca8f2c36e375414d52837b2,634994f32900aa3c642644f320ad9016da90e9dbbca8f2c36e375414d52837b2,False
observational-data.zip,outputs/significance_extension_20260924/panel_coverage/count_distributions.csv,2727,7d8d50e89c25e44fbd74d18fd810b1a8d9e779a92cabd2a37899d306d1717295,7d8d50e89c25e44fbd74d18fd810b1a8d9e779a92cabd2a37899d306d1717295,False
observational-data.zip,outputs/significance_extension_20260924/panel_coverage/count_transitions.csv,11093,f4ee8da879dfbd6c07310e9ec393c90b8edf9c176fedd3575e8f79ad9f406a99,f4ee8da879dfbd6c07310e9ec393c90b8edf9c176fedd3575e8f79ad9f406a99,False
observational-data.zip,outputs/significance_extension_20260924/panel_coverage/eligibility_all29_exact_sample.csv.gz,150745,f48bbfd5ddcdcc5808de5863da6cfac115c25736bb849bf3c705897fa64cc71d,f48bbfd5ddcdcc5808de5863da6cfac115c25736bb849bf3c705897fa64cc71d,False
observational-data.zip,outputs/significance_extension_20260924/panel_coverage/eligibility_method533_25.csv.gz,144465,a9e0dc7860c106be4e6ed970d9afdd572feab7cf58cd0e2cac06245490d418f1,a9e0dc7860c106be4e6ed970d9afdd572feab7cf58cd0e2cac06245490d418f1,False
observational-data.zip,outputs/significance_extension_20260924/panel_coverage/eligibility_six.csv.gz,143363,82b696be70cd7e5ef136a38e627fddf83911a0fe5a59d8ca76d77d149753691e,82b696be70cd7e5ef136a38e627fddf83911a0fe5a59d8ca76d77d149753691e,False
observational-data.zip,outputs/significance_extension_20260924/panel_coverage/excluded_panel_events.csv,3388,f0ef8117e9076b7b25669f2165b1c51cb28d7012f0506f123942a652475bfd39,f0ef8117e9076b7b25669f2165b1c51cb28d7012f0506f123942a652475bfd39,False
observational-data.zip,outputs/significance_extension_20260924/panel_coverage/observed_25pfas_patterns.csv,36451,1599d12e1309b8a0db3b27eb98144d690910664af661c42a032f25f1764b8ec3,1599d12e1309b8a0db3b27eb98144d690910664af661c42a032f25f1764b8ec3,False
observational-data.zip,outputs/significance_extension_20260924/panel_coverage/original772_panel_followup.csv.gz,18800,6f5e39947aabed52da8c2d7b8f0adb07003a5a8b06878a393aaca07b45317233,6f5e39947aabed52da8c2d7b8f0adb07003a5a8b06878a393aaca07b45317233,False
observational-data.zip,outputs/significance_extension_20260924/panel_coverage/rates_with_cluster_bootstrap.csv,45769,f2a0cbd12bfc5ece6a7f7386a5da34b4250d1ef520250f48b6f00dc160e0e9c2,f2a0cbd12bfc5ece6a7f7386a5da34b4250d1ef520250f48b6f00dc160e0e9c2,False
observational-data.zip,outputs/significance_extension_20260924/panel_coverage/strict25_event_records.csv.gz,453351,348e7a0df4bf955218463abbe0c2a883e64017ff01b6dcc91a74e92226ded587,348e7a0df4bf955218463abbe0c2a883e64017ff01b6dcc91a74e92226ded587,False
observational-data.zip,outputs/significance_extension_20260924/panel_coverage/system_level_counts.csv,259,864372f8feb1324af518e27a936e8ea1c53b48d5f1c0c93de63eba132a1e8a3a,864372f8feb1324af518e27a936e8ea1c53b48d5f1c0c93de63eba132a1e8a3a,False
observational-data.zip,outputs/ucmr5_final_20260828_r1/02_cross_cycle/count_mrl/analyte_mrl_audit.csv,904,62dd3a61d5797a2116f96e3d5e3e6e6911efc3441eaa1470ce7d658353db763b,62dd3a61d5797a2116f96e3d5e3e6e6911efc3441eaa1470ce7d658353db763b,False
observational-data.zip,outputs/ucmr5_final_20260828_r1/02_cross_cycle/count_mrl/count_transition_table.csv,122077,85cda0915ffa7eb88593ea7f068e17542012fb52b8b695d661ab12fdb55321a0,85cda0915ffa7eb88593ea7f068e17542012fb52b8b695d661ab12fdb55321a0,False
observational-data.zip,outputs/ucmr5_final_20260828_r1/02_cross_cycle/count_mrl/decomposition_identity_audit.csv,2577,37a3ad71fb09ed017547c92942b45e98a99f17bf37084e14b58d2ba001583f99,37a3ad71fb09ed017547c92942b45e98a99f17bf37084e14b58d2ba001583f99,False
observational-data.zip,outputs/ucmr5_final_20260828_r1/02_cross_cycle/count_mrl/endpoint_inference.csv,52075,0a6f4ea892a393ab98ec6aced2dc09160072fca2890083a8be909967fdc95305,0a6f4ea892a393ab98ec6aced2dc09160072fca2890083a8be909967fdc95305,False
observational-data.zip,outputs/ucmr5_final_20260828_r1/02_cross_cycle/count_mrl/tail_rate_table.csv,42960,73926869e4e53fdc6660cd4e851d646469034946674e8ac17eaec5ae5e7878fb,73926869e4e53fdc6660cd4e851d646469034946674e8ac17eaec5ae5e7878fb,False
observational-data.zip,outputs/ucmr5_final_20260828_r1/02_cross_cycle/event_sensitivity/event_contrasts.csv,1538,fa1f7d8f329b2656cfd2ba7e2d94b0d8ae15288ef2a228f7672487627c3a154e,2679b831c838154d078bfbd2d2fdd965aabee3ad5b716f10da77d09b2d62e649,True
observational-data.zip,outputs/ucmr5_final_20260828_r1/02_cross_cycle/strict_sensitivities/matched_unmatched_cohort_comparison.csv,3853,eba2bf3cacbde6df98dce5ea01d478ce01b6edc93dcb9ff884384417867fe740,eba2bf3cacbde6df98dce5ea01d478ce01b6edc93dcb9ff884384417867fe740,False
observational-data.zip,outputs/ucmr5_final_20260828_r1/02_cross_cycle/strict_sensitivities/shapley_contributions.csv,20210,a04683bbb301479fbe5dd5472743818b57b2d4b251de8f948f36a4031a3057de,a04683bbb301479fbe5dd5472743818b57b2d4b251de8f948f36a4031a3057de,False
observational-data.zip,outputs/ucmr5_final_20260828_r1/02_cross_cycle/strict_sensitivities/subset_inference.csv,13335,3913aa095eb96f351e11c97262f825ec11a8775181ae67031237d06489a2725e,3913aa095eb96f351e11c97262f825ec11a8775181ae67031237d06489a2725e,False
observational-data.zip,outputs/ucmr5_threshold_pattern_transitions_v1_5_20260913/conditional_mixture_complexity.csv,259,89be14cffd2b79a04c8afc8576d1bc9581e7fd524402c4fd23c4250f6a573575,89be14cffd2b79a04c8afc8576d1bc9581e7fd524402c4fd23c4250f6a573575,False
observational-data.zip,outputs/ucmr5_threshold_pattern_transitions_v1_5_20260913/count_transition_matrix.csv,341,3f8f78265a89256f7f332445308739891c9e25753b48f3a61d68dd1e0142056f,3f8f78265a89256f7f332445308739891c9e25753b48f3a61d68dd1e0142056f,False
observational-data.zip,outputs/ucmr5_threshold_pattern_transitions_v1_5_20260913/exact_pattern_transitions.csv,2527,3accdd330823f256b6b667192f970bf14c6736da4cb468be449b75a9ef5a09c3,3accdd330823f256b6b667192f970bf14c6736da4cb468be449b75a9ef5a09c3,False
observational-data.zip,outputs/ucmr5_threshold_pattern_transitions_v1_5_20260913/monitoring_consequences.csv,209,4f4e77d61e33257f02f4c70be79b43a54e506d768a75296206f7658de752970b,4f4e77d61e33257f02f4c70be79b43a54e506d768a75296206f7658de752970b,False
observational-data.zip,outputs/ucmr5_threshold_pattern_transitions_v1_5_20260913/native_multi_destination.csv,139,b0160e88ed7f93e5b22fbe3c306666d0e7f3e1d04c8b5e60205d1e0791010093,b0160e88ed7f93e5b22fbe3c306666d0e7f3e1d04c8b5e60205d1e0791010093,False
observational-data.zip,outputs/ucmr5_threshold_pattern_transitions_v1_5_20260913/native_multi_pattern_summary.csv,3293,58f483684809a2ea78e4e7884d471d4b4c28995a2da7eb3c523188cf9cb573d3,58f483684809a2ea78e4e7884d471d4b4c28995a2da7eb3c523188cf9cb573d3,False
observational-data.zip,outputs/ucmr5_threshold_pattern_transitions_v1_5_20260913/pattern_frequency_ranking.csv,4305,924faee1746976ef97595908f3f8b102f1125bfda121474da0fa51d2351df0d2,924faee1746976ef97595908f3f8b102f1125bfda121474da0fa51d2351df0d2,False
observational-data.zip,outputs/ucmr5_threshold_pattern_transitions_v1_5_20260913/top_native_multi_patterns.csv,886,6af60d6f52c7f0b1f54e28e1ddefedcf08453e1ed81ecf141d56062ab9ea8fd1,6af60d6f52c7f0b1f54e28e1ddefedcf08453e1ed81ecf141d56062ab9ea8fd1,False
observational-data.zip,work/ucmr5_final_20260828_r1/ucmr5_artificial_censor_strict.csv.gz,360011,efa5855f5bf1dc075fd8a75159479549a3f4b90cb331dcaf247a468f5b68dfc2,efa5855f5bf1dc075fd8a75159479549a3f4b90cb331dcaf247a468f5b68dfc2,False
observational-data.zip,work/ucmr5_final_20260828_r1/ucmr5_strictnull_source_schema.csv.gz,1020003,fa0cc79b5fb752ff7f2a5a68d291b8319dbd4fbb3e55d9c6dbe7becf5184cddc,fa0cc79b5fb752ff7f2a5a68d291b8319dbd4fbb3e55d9c6dbe7becf5184cddc,False
fixed-joint-predictions.zip,outputs/est_four_extensions_v1_30_20260925/selective/confidence_bins.csv,4755,4127e2c992083df59bc8c7efb2f1d9a5c08975d6a677a106cfb43fff4f99fbe5,4127e2c992083df59bc8c7efb2f1d9a5c08975d6a677a106cfb43fff4f99fbe5,False
fixed-joint-predictions.zip,outputs/est_four_extensions_v1_30_20260925/selective/high_confidence_composition.csv,303,77aba24c7dfe0d929ea731e3e0f1fb67d7d8eca5d47e89a32ccd6b645516b058,77aba24c7dfe0d929ea731e3e0f1fb67d7d8eca5d47e89a32ccd6b645516b058,False
fixed-joint-predictions.zip,outputs/est_four_extensions_v1_30_20260925/selective/matched_coverage_diagnostics.csv,45158,a8d7cb60be33450cc280d0d908e3be5f15c2266b5949ffa120621541178260ab,a8d7cb60be33450cc280d0d908e3be5f15c2266b5949ffa120621541178260ab,False
fixed-joint-predictions.zip,outputs/est_four_extensions_v1_30_20260925/selective/native_metadata_fold_1.csv.gz,35157,57062394323c0f7f1737c471966e41d5c7d9569c78fd1065f473b218fb290da4,57062394323c0f7f1737c471966e41d5c7d9569c78fd1065f473b218fb290da4,False
fixed-joint-predictions.zip,outputs/est_four_extensions_v1_30_20260925/selective/native_metadata_fold_2.csv.gz,36992,c89872f090fefb8c7dc9a93d3eaebe403ebe6722159e5e678174907d3f64a6e4,c89872f090fefb8c7dc9a93d3eaebe403ebe6722159e5e678174907d3f64a6e4,False
fixed-joint-predictions.zip,outputs/est_four_extensions_v1_30_20260925/selective/native_metadata_fold_3.csv.gz,37410,ebac365b2482f2e60d7a3c5ba88700a784259cf003e38f3ad268837a30feaaf7,ebac365b2482f2e60d7a3c5ba88700a784259cf003e38f3ad268837a30feaaf7,False
fixed-joint-predictions.zip,outputs/est_four_extensions_v1_30_20260925/selective/native_metadata_fold_4.csv.gz,37794,3ce1ca8ba400d9dadca750626ec2b7cc1241d0571fda004c4c7350c1cfb52037,3ce1ca8ba400d9dadca750626ec2b7cc1241d0571fda004c4c7350c1cfb52037,False
fixed-joint-predictions.zip,outputs/est_four_extensions_v1_30_20260925/selective/native_pattern_error_intervals.csv,4437,e2a89c248734477952a974a5bceceb93bc3e01cb5e30a62d283778ed6df248b1,e2a89c248734477952a974a5bceceb93bc3e01cb5e30a62d283778ed6df248b1,False
fixed-joint-predictions.zip,outputs/est_four_extensions_v1_30_20260925/selective/native_probabilities_fold_1.npz,1765975,d178bfc6807d9b78777180eb1afcf1094d59f474e718a64215f06baacce431a7,d178bfc6807d9b78777180eb1afcf1094d59f474e718a64215f06baacce431a7,False
fixed-joint-predictions.zip,outputs/est_four_extensions_v1_30_20260925/selective/native_probabilities_fold_2.npz,1637731,ac6516148964d4d76c9cb8ad3ec7c12f4413ab90fbd67fcb399eda6672833770,ac6516148964d4d76c9cb8ad3ec7c12f4413ab90fbd67fcb399eda6672833770,False
fixed-joint-predictions.zip,outputs/est_four_extensions_v1_30_20260925/selective/native_probabilities_fold_3.npz,1384340,4e87e48d978a9090ad148aee2afec82522c96b5b62ccc0db1639d1dfdc192f0f,4e87e48d978a9090ad148aee2afec82522c96b5b62ccc0db1639d1dfdc192f0f,False
fixed-joint-predictions.zip,outputs/est_four_extensions_v1_30_20260925/selective/native_probabilities_fold_4.npz,1601707,08d5bb94bb6f467d8dc2a4bbc899ba13b3322633a207ca113c765aa3ec0894d4,08d5bb94bb6f467d8dc2a4bbc899ba13b3322633a207ca113c765aa3ec0894d4,False
fixed-joint-predictions.zip,outputs/est_four_extensions_v1_30_20260925/selective/record_predictions_and_errors.csv.gz,5467156,e6f2510665375af2b4b54d971f22309b07e35f9e15f826e894e0f35d389fb470,e6f2510665375af2b4b54d971f22309b07e35f9e15f826e894e0f35d389fb470,False
fixed-joint-predictions.zip,outputs/est_four_extensions_v1_30_20260925/selective/selective_metrics.csv,100749,2d1bb6a5b7a922f40bdf9a97998a1ffafdef7e2306e10c49ca1b8a2163dd92b4,2d1bb6a5b7a922f40bdf9a97998a1ffafdef7e2306e10c49ca1b8a2163dd92b4,False
fixed-joint-predictions.zip,outputs/est_four_extensions_v1_30_20260925/selective/training_only_policy_thresholds.csv,4971,5b128dc0f1c7e09c4063894bc3a4022b533aec3eb5fe9cbf72eb9df438f487c6,5b128dc0f1c7e09c4063894bc3a4022b533aec3eb5fe9cbf72eb9df438f487c6,False
fixed-joint-predictions.zip,outputs/joint_information_decomposition_20260916/analysis/bootstrap_method_comparison.csv,8608,1938ee78d50fcf42a21f97ab2e2a2f884b8f241e787d67bf84821d1eb15af647,1938ee78d50fcf42a21f97ab2e2a2f884b8f241e787d67bf84821d1eb15af647,False
fixed-joint-predictions.zip,outputs/joint_information_decomposition_20260916/analysis/count_frequencies.csv,4754,c0cc37ce201b6b1fdb33d367694cc865736cb79b4b157ad0a38fa9321bdc65c4,c0cc37ce201b6b1fdb33d367694cc865736cb79b4b157ad0a38fa9321bdc65c4,False
fixed-joint-predictions.zip,outputs/joint_information_decomposition_20260916/analysis/gain_components.csv,707,2711782208b14c2dc2465fae3160f190b1ff6e4a3f49a9835af204963f5af96e,2711782208b14c2dc2465fae3160f190b1ff6e4a3f49a9835af204963f5af96e,False
fixed-joint-predictions.zip,outputs/joint_information_decomposition_20260916/analysis/model_metrics.csv,3515,3398053b1a44f4e686283b8278b556f46650c50089badc28a8d4095cd6668f35,3398053b1a44f4e686283b8278b556f46650c50089badc28a8d4095cd6668f35,False
fixed-joint-predictions.zip,outputs/joint_information_decomposition_20260916/analysis/paired_contrasts_nested_independent.csv,6334,cdb8218d68fc4c27e5592a3c075a502f7234b08a7a4a414356ec0caa3376d6ee,cdb8218d68fc4c27e5592a3c075a502f7234b08a7a4a414356ec0caa3376d6ee,False
fixed-joint-predictions.zip,outputs/joint_information_decomposition_20260916/analysis/paired_contrasts_point.csv,4615,8cecf33d0b223f1aa1e54e24ae2a7f233a42345ee87a214e574907c8b5966ab7,8cecf33d0b223f1aa1e54e24ae2a7f233a42345ee87a214e574907c8b5966ab7,False
fixed-joint-predictions.zip,outputs/joint_information_decomposition_20260916/analysis/paired_contrasts_primary.csv,4044,fe6935ebc3715302c35554117d2079f79e4be0f0628381282fa519788279714d,fe6935ebc3715302c35554117d2079f79e4be0f0628381282fa519788279714d,False
fixed-joint-predictions.zip,outputs/joint_information_decomposition_20260916/analysis/pattern_frequencies.csv,43938,3d82f94da0ee069c6a73376f596bf620a78de992610fe0ec0255b93ff01433e5,3d82f94da0ee069c6a73376f596bf620a78de992610fe0ec0255b93ff01433e5,False
fixed-joint-predictions.zip,outputs/joint_information_decomposition_20260916/analysis/record_pairing_diagnostic.csv,4829,02cd37ceee1b424e350ff8af1b69fc7327de939ff2f8c8c68f8d797806316d01,02cd37ceee1b424e350ff8af1b69fc7327de939ff2f8c8c68f8d797806316d01,False
fixed-joint-predictions.zip,outputs/joint_information_decomposition_20260916/analysis/record_scores.csv.gz,18244614,ae74bcb21ea4df367f33e14a13d9806d7a821820197c5536f9cc3b4d9da68ba7,ae74bcb21ea4df367f33e14a13d9806d7a821820197c5536f9cc3b4d9da68ba7,False
fixed-joint-predictions.zip,outputs/joint_information_decomposition_20260916/analysis/subgroup_contributions.csv,73926,05a74d79fd31a992ecdc37674365f6b39fd374774ef19b5eed67ffd9a61fb5e7,05a74d79fd31a992ecdc37674365f6b39fd374774ef19b5eed67ffd9a61fb5e7,False
fixed-joint-predictions.zip,outputs/joint_information_decomposition_20260916/baseline/fold_audit.csv,435,0b6066bd3258e7f3b68e93fe16b0762d87dc1e3fdb6bc3b91fb76dee74a65d84,0b6066bd3258e7f3b68e93fe16b0762d87dc1e3fdb6bc3b91fb76dee74a65d84,False
fixed-joint-predictions.zip,outputs/joint_information_decomposition_20260916/baseline/metadata.csv.gz,3013678,d8f3d824604c86c59b7795d6985f2c18d88f7f3dc1664d17c2278a9aeb7a742e,d8f3d824604c86c59b7795d6985f2c18d88f7f3dc1664d17c2278a9aeb7a742e,False
fixed-joint-predictions.zip,outputs/joint_information_decomposition_20260916/baseline/probabilities.npz,908133,974fd8b6de20a2603a2588e2bf56950cb0c5fe88d8fa444c52b913ba8e20594a,974fd8b6de20a2603a2588e2bf56950cb0c5fe88d8fa444c52b913ba8e20594a,False
fixed-joint-predictions.zip,outputs/joint_information_decomposition_20260916/baseline/training_composition_tables.csv.gz,991090,9715d2c5b1a42a2f41d7510b140b688545576dd50344c1d3a54184823e11171b,9715d2c5b1a42a2f41d7510b140b688545576dd50344c1d3a54184823e11171b,False
fixed-joint-predictions.zip,outputs/joint_information_decomposition_20260916/payload/distribution_audit_fold_1.csv,5024,c300e9b23f187edacc7233c6304fab19327d2a564e9661e0a3531ede6d53a3f8,c300e9b23f187edacc7233c6304fab19327d2a564e9661e0a3531ede6d53a3f8,False
fixed-joint-predictions.zip,outputs/joint_information_decomposition_20260916/payload/distribution_audit_fold_2.csv,4896,aef011d475c4ac20ed68946f9b82cc82311f20e4c483e9c4a5e4f89aaeb46522,aef011d475c4ac20ed68946f9b82cc82311f20e4c483e9c4a5e4f89aaeb46522,False
fixed-joint-predictions.zip,outputs/joint_information_decomposition_20260916/payload/distribution_audit_fold_3.csv,5056,c7100a8c9f894af8528375e88c9057cb9a5fdaae6696b7e279cf9fe658079b5f,c7100a8c9f894af8528375e88c9057cb9a5fdaae6696b7e279cf9fe658079b5f,False
fixed-joint-predictions.zip,outputs/joint_information_decomposition_20260916/payload/distribution_audit_fold_4.csv,5002,49862bd78be175eb192aba6c6c40ca81739552afa89869b3bcc077b9540189c6,49862bd78be175eb192aba6c6c40ca81739552afa89869b3bcc077b9540189c6,False
fixed-joint-predictions.zip,outputs/joint_information_decomposition_20260916/payload/fold_1.npz,28102566,cbb7bfab7bace98475adcfdaf9d59040323e3f9a3623d23b6833fdf6eee9df6c,cbb7bfab7bace98475adcfdaf9d59040323e3f9a3623d23b6833fdf6eee9df6c,False
fixed-joint-predictions.zip,outputs/joint_information_decomposition_20260916/payload/fold_2.npz,25986254,e39d95e4d358fa6b9304cbf2193988eb4b0ea8a7d06f9b55282725f722a90d65,e39d95e4d358fa6b9304cbf2193988eb4b0ea8a7d06f9b55282725f722a90d65,False
fixed-joint-predictions.zip,outputs/joint_information_decomposition_20260916/payload/fold_3.npz,21964939,6dfac4175f643c3bdc12fa16e161416f3e6ae5feb938a7bd93c87e3f01c842e3,6dfac4175f643c3bdc12fa16e161416f3e6ae5feb938a7bd93c87e3f01c842e3,False
fixed-joint-predictions.zip,outputs/joint_information_decomposition_20260916/payload/fold_4.npz,25425161,ec4c54323ef62e8c1c5bb92c3a1de24b10200d4c5937ebbce26bf201a52466f4,ec4c54323ef62e8c1c5bb92c3a1de24b10200d4c5937ebbce26bf201a52466f4,False
fixed-joint-predictions.zip,outputs/joint_information_decomposition_20260916/payload/metadata_fold_1.csv.gz,543326,5a34cbe7aa29a140b8cba9389017df0fe49325cb5334fac04d420fe169202e77,5a34cbe7aa29a140b8cba9389017df0fe49325cb5334fac04d420fe169202e77,False
fixed-joint-predictions.zip,outputs/joint_information_decomposition_20260916/payload/metadata_fold_2.csv.gz,561983,759c82839d6a3cd7aa1cfe7b732a3b660a90aa272a1e21c9a864d749f04f2d29,759c82839d6a3cd7aa1cfe7b732a3b660a90aa272a1e21c9a864d749f04f2d29,False
fixed-joint-predictions.zip,outputs/joint_information_decomposition_20260916/payload/metadata_fold_3.csv.gz,571657,d6f70dba3a2018bbcc82c1d6f5338c9e0e3f393c2b222707cf235c16e971b90a,d6f70dba3a2018bbcc82c1d6f5338c9e0e3f393c2b222707cf235c16e971b90a,False
fixed-joint-predictions.zip,outputs/joint_information_decomposition_20260916/payload/metadata_fold_4.csv.gz,579165,777202121ce1ed2ca33d30c7c94d4096e29a675bf6cc83ebff1706d26105a275,777202121ce1ed2ca33d30c7c94d4096e29a675bf6cc83ebff1706d26105a275,False
fixed-joint-predictions.zip,outputs/joint_information_decomposition_20260916/payload/replay_audit_fold_1.csv,16218,e01fb19111ee007cef27e02b74bae81eb08f968c5c10fa51a3778b4885bbbd16,e01fb19111ee007cef27e02b74bae81eb08f968c5c10fa51a3778b4885bbbd16,False
fixed-joint-predictions.zip,outputs/joint_information_decomposition_20260916/payload/replay_audit_fold_2.csv,16238,039e4669e1d0c2e2d2771cf797701f18015888275f9b2604276950f82a83c345,039e4669e1d0c2e2d2771cf797701f18015888275f9b2604276950f82a83c345,False
fixed-joint-predictions.zip,outputs/joint_information_decomposition_20260916/payload/replay_audit_fold_3.csv,16236,7d099b025d03c4162bcf2c4eb48b1b38309d0802101e00174cbeb2e146bd90c3,7d099b025d03c4162bcf2c4eb48b1b38309d0802101e00174cbeb2e146bd90c3,False
fixed-joint-predictions.zip,outputs/joint_information_decomposition_20260916/payload/replay_audit_fold_4.csv,16225,fa77914d97bc00efa69c673e59d9dd56a3333f99b29dae3ce8d3b2946b977c1b,fa77914d97bc00efa69c673e59d9dd56a3333f99b29dae3ce8d3b2946b977c1b,False
fixed-joint-predictions.zip,outputs/joint_information_validation_20260916/coherent_baselines/coherence_path_audit.csv,2847,8485c37f8c8b5045d9401c6b207465dd65cf7263bb410ec0233bb3d5f4945a0f,8485c37f8c8b5045d9401c6b207465dd65cf7263bb410ec0233bb3d5f4945a0f,False
fixed-joint-predictions.zip,outputs/joint_information_validation_20260916/coherent_baselines/fold_audit.csv,327,4332f292350a0ea97060d88932274bb61996e606983633d95c3fcb4743237673,4332f292350a0ea97060d88932274bb61996e606983633d95c3fcb4743237673,False
fixed-joint-predictions.zip,outputs/joint_information_validation_20260916/coherent_baselines/model_metrics.csv,7244,47f0fac730ed9eaa83424397dec06e6a3af64af8126e44f547f95a1c8b8e8e14,47f0fac730ed9eaa83424397dec06e6a3af64af8126e44f547f95a1c8b8e8e14,False
fixed-joint-predictions.zip,outputs/joint_information_validation_20260916/coherent_baselines/paired_contrasts_lambda1_intervals.csv,2415,6d41033ca33bed081c01510c065ba047a73e597e083bcda8daa89a8a9082703b,6d41033ca33bed081c01510c065ba047a73e597e083bcda8daa89a8a9082703b,False
fixed-joint-predictions.zip,outputs/joint_information_validation_20260916/coherent_baselines/paired_contrasts_point.csv,18631,dccd4caa9dd65c3fd07a4d165d668a059f3150695dba8a5803c523257c3e04e2,dccd4caa9dd65c3fd07a4d165d668a059f3150695dba8a5803c523257c3e04e2,False
fixed-joint-predictions.zip,outputs/joint_information_validation_20260916/coherent_baselines/record_scores.csv.gz,5655561,215a40fa83d9bddc78b67e90f7145bc466363d288e81a1059a853ab420b5fb67,215a40fa83d9bddc78b67e90f7145bc466363d288e81a1059a853ab420b5fb67,False
fixed-joint-predictions.zip,outputs/joint_information_validation_20260916/coherent_baselines/subgroup_metrics.csv,21768,ea26ebfb97d4d9b4675f184e140cbd9bb873adcb38a28d7ceecedf20b2777d9c,ea26ebfb97d4d9b4675f184e140cbd9bb873adcb38a28d7ceecedf20b2777d9c,False
fixed-joint-predictions.zip,outputs/joint_information_validation_20260916/coherent_baselines/training_composition_tables.csv.gz,3112957,98a79bb6e70e8f14802c180f2b71d181ddcd71d0895af36e1e0031279f05b114,98a79bb6e70e8f14802c180f2b71d181ddcd71d0895af36e1e0031279f05b114,False
fixed-joint-predictions.zip,outputs/joint_information_validation_20260916/coherent_baselines/training_hidden_prior.csv,69346,9e12f8dc3718b494b20476034433d5ff7e735c534e00f20ccec7d7f6cc74355a,9e12f8dc3718b494b20476034433d5ff7e735c534e00f20ccec7d7f6cc74355a,False
fixed-joint-predictions.zip,outputs/joint_information_validation_20260916/coherent_baselines/training_weights.csv.gz,877598,82926cef241ed70d503df315c87fe4d0fd0dff341f49accd23e2e6aff15dbd0b,82926cef241ed70d503df315c87fe4d0fd0dff341f49accd23e2e6aff15dbd0b,False
fixed-joint-predictions.zip,outputs/significance_extension_20260924/count_baseline/bootstrap_draws.npz,2772438,42a6a2b6744b0308e3e3b3fccf9ab836fcb3fd0d9445cb2a7cff1cd8ba0f413c,42a6a2b6744b0308e3e3b3fccf9ab836fcb3fd0d9445cb2a7cff1cd8ba0f413c,False
fixed-joint-predictions.zip,outputs/significance_extension_20260924/count_baseline/coherence_counterexamples.csv.gz,3214,454e6c9cb103d77d35739401058cfb115ccfcd0acf6eba9532778fc335642eca,454e6c9cb103d77d35739401058cfb115ccfcd0acf6eba9532778fc335642eca,False
fixed-joint-predictions.zip,outputs/significance_extension_20260924/count_baseline/count_frequencies.csv,4764,bb934a993e9ca7ae3c63e69652aeb3c44330ab1918c575dbb3e5e6924709e74f,bb934a993e9ca7ae3c63e69652aeb3c44330ab1918c575dbb3e5e6924709e74f,False
fixed-joint-predictions.zip,outputs/significance_extension_20260924/count_baseline/count_probabilities_fold_1.npz,9729952,6ee1c29acb40cf3748ecf8462b63eef0cfa880209c431bbe28899f4bf9fb2d91,6ee1c29acb40cf3748ecf8462b63eef0cfa880209c431bbe28899f4bf9fb2d91,False
fixed-joint-predictions.zip,outputs/significance_extension_20260924/count_baseline/count_probabilities_fold_2.npz,9144966,f5544b5341b92c56dec4266a32831d62d9ab2d859667a737cbab4db1fa50a5dc,f5544b5341b92c56dec4266a32831d62d9ab2d859667a737cbab4db1fa50a5dc,False
fixed-joint-predictions.zip,outputs/significance_extension_20260924/count_baseline/count_probabilities_fold_3.npz,7692474,55f18085caed43319aee8f3124af25b9a85a2f3038af8f547a013749dc57e8b9,55f18085caed43319aee8f3124af25b9a85a2f3038af8f547a013749dc57e8b9,False
fixed-joint-predictions.zip,outputs/significance_extension_20260924/count_baseline/count_probabilities_fold_4.npz,8888662,e38fa8fdef3449457ed5eb96ce1b8ccacf3d900d60a74467ffe07a33a304a8e5,e38fa8fdef3449457ed5eb96ce1b8ccacf3d900d60a74467ffe07a33a304a8e5,False
fixed-joint-predictions.zip,outputs/significance_extension_20260924/count_baseline/existing_model_replay.csv,4010,40d95e5a5cbc1060f089bd7b206242dcbed65d62690be194cf35b6f3467e41d4,40d95e5a5cbc1060f089bd7b206242dcbed65d62690be194cf35b6f3467e41d4,False
fixed-joint-predictions.zip,outputs/significance_extension_20260924/count_baseline/fold_audit.csv,216,5c701dde27e57008b03527ca080e10a5dd0a077955151bc9730d3a3b5933a5cb,5c701dde27e57008b03527ca080e10a5dd0a077955151bc9730d3a3b5933a5cb,False
fixed-joint-predictions.zip,outputs/significance_extension_20260924/count_baseline/full_boolean_order_audit.csv.gz,73077,9c7cd821d543ea0eadad594d91fbf2b46db5f184a8b3f8ebda486916f36f35ba,9c7cd821d543ea0eadad594d91fbf2b46db5f184a8b3f8ebda486916f36f35ba,False
fixed-joint-predictions.zip,outputs/significance_extension_20260924/count_baseline/metadata.csv.gz,2592498,1c74589ddc1b911025652a4f4880e7b7a1bd373a952487d90166f847c2156bc0,1c74589ddc1b911025652a4f4880e7b7a1bd373a952487d90166f847c2156bc0,False
fixed-joint-predictions.zip,outputs/significance_extension_20260924/count_baseline/model_metrics.csv,3539,088e89a785cf3e934d5ff15f96c48e6cf2c0c3e168cf9d92380e5b99a14cd5a1,088e89a785cf3e934d5ff15f96c48e6cf2c0c3e168cf9d92380e5b99a14cd5a1,False
fixed-joint-predictions.zip,outputs/significance_extension_20260924/count_baseline/paired_contrasts_intervals.csv,3341,a153d88b78608b5db2f400fc50a06635aa557442e9011f0796bfe3b129c2a1a3,a153d88b78608b5db2f400fc50a06635aa557442e9011f0796bfe3b129c2a1a3,False
fixed-joint-predictions.zip,outputs/significance_extension_20260924/count_baseline/paired_contrasts_point.csv,3586,1351c70852541eda5be5ba756ffb59120c7d9cc4b8d1ce655e9ca680b64ed7fd,1351c70852541eda5be5ba756ffb59120c7d9cc4b8d1ce655e9ca680b64ed7fd,False
fixed-joint-predictions.zip,outputs/significance_extension_20260924/count_baseline/projection_audit.csv,3774,4a2f589be1735106b145a015ec703ea49d237c71c8e0bfece06eef0759a7e02d,4a2f589be1735106b145a015ec703ea49d237c71c8e0bfece06eef0759a7e02d,False
fixed-joint-predictions.zip,outputs/significance_extension_20260924/count_baseline/record_scores.csv.gz,18643712,13edb443b472776d960beac8f6fdfc5baba44f834da500ff2f643b59a85faf6c,13edb443b472776d960beac8f6fdfc5baba44f834da500ff2f643b59a85faf6c,False
fixed-joint-predictions.zip,outputs/significance_extension_20260924/count_baseline/threshold_metrics.csv,59919,26e90c5f5e9254849091ca7166a33e6af4a250eeb02f6a94af92a1e99b889577,26e90c5f5e9254849091ca7166a33e6af4a250eeb02f6a94af92a1e99b889577,False
fixed-joint-predictions.zip,outputs/significance_extension_20260924/count_baseline/training_count_priors.csv,2800,0df4c2daedff0d8c9f925d96b2ebf439ed5a1cba97100ed4dafe32c77715ec09,0df4c2daedff0d8c9f925d96b2ebf439ed5a1cba97100ed4dafe32c77715ec09,False
fixed-joint-predictions.zip,outputs/ucmr5_final_20260828_r1/06_final_ml_full/canonical_server_run/comparison/decision.json,16667,f816af1b8ef8a108927637c74747fa0cd1fd31166acad9f31fb66bab9ef6ab48,f816af1b8ef8a108927637c74747fa0cd1fd31166acad9f31fb66bab9ef6ab48,False
fixed-joint-predictions.zip,outputs/ucmr5_final_20260828_r1/06_final_ml_full/canonical_server_run/comparison/integrated_site_losses.csv.gz,1522760,d0fdd9ebe180e04c05f4015b42a10915d91b4b6b37d2fa0400c08341d31c0a74,d0fdd9ebe180e04c05f4015b42a10915d91b4b6b37d2fa0400c08341d31c0a74,False
fixed-joint-predictions.zip,outputs/ucmr5_final_20260828_r1/06_final_ml_full/canonical_server_run/comparison/pws_simultaneous_pattern_nll_bands.csv,7059,a107abd1ae076d4ab28312c65bad737389b7a9ce8f5060bf697e45fde5e47c14,a107abd1ae076d4ab28312c65bad737389b7a9ce8f5060bf697e45fde5e47c14,False
fixed-joint-predictions.zip,outputs/ucmr5_final_20260828_r1/06_final_ml_full/canonical_server_run/comparison/site_threshold_losses.csv.gz,38230094,81a63276403e10340a5b4c8d512e18c437a45541c6d71bbcfa27bd2ca80a1248,81a63276403e10340a5b4c8d512e18c437a45541c6d71bbcfa27bd2ca80a1248,False
fixed-joint-predictions.zip,outputs/ucmr5_final_20260828_r1/06_final_ml_full/canonical_server_run/comparison/threshold_metrics.csv,40478,ddf1270669c13ed7d134be63b73e6b4ad088542c6d571ff32cb8c2a7c4cdbfd2,ddf1270669c13ed7d134be63b73e6b4ad088542c6d571ff32cb8c2a7c4cdbfd2,False
fixed-joint-predictions.zip,outputs/ucmr5_final_20260828_r1/06_final_ml_full/canonical_server_run/gaussian/fold_1/decision.json,4493,4ecafb2a73c07ff8945cda06577935a53f0692b1b4728444c2b313f2d7df529a,4ecafb2a73c07ff8945cda06577935a53f0692b1b4728444c2b313f2d7df529a,False
fixed-joint-predictions.zip,outputs/ucmr5_final_20260828_r1/06_final_ml_full/canonical_server_run/gaussian/fold_1/integrated_site_losses.csv.gz,81838,9a535f9acdafa4301732d0c87500358307d1e1ae48b38438f7d19b115315d79b,9a535f9acdafa4301732d0c87500358307d1e1ae48b38438f7d19b115315d79b,False
fixed-joint-predictions.zip,outputs/ucmr5_final_20260828_r1/06_final_ml_full/canonical_server_run/gaussian/fold_1/site_threshold_losses.csv.gz,1549016,be8a69b9882595919cc0ffd61f228896cdd286016bac54a1d61e8f6828fd5e6e,be8a69b9882595919cc0ffd61f228896cdd286016bac54a1d61e8f6828fd5e6e,False
fixed-joint-predictions.zip,outputs/ucmr5_final_20260828_r1/06_final_ml_full/canonical_server_run/gaussian/fold_1/threshold_metrics.csv,3035,79560e7000a092a828602e85e4a84b01606af2e9611f2773073685012f24ee45,79560e7000a092a828602e85e4a84b01606af2e9611f2773073685012f24ee45,False
fixed-joint-predictions.zip,outputs/ucmr5_final_20260828_r1/06_final_ml_full/canonical_server_run/gaussian/fold_2/decision.json,4486,9ef850caa8b70a123d2bce162a48cc7c66247bf89aa9b3bf51e9cc61b1f03d84,9ef850caa8b70a123d2bce162a48cc7c66247bf89aa9b3bf51e9cc61b1f03d84,False
fixed-joint-predictions.zip,outputs/ucmr5_final_20260828_r1/06_final_ml_full/canonical_server_run/gaussian/fold_2/integrated_site_losses.csv.gz,99403,af4fcaaacafbe01ef68a981eb66228ec8f982483289874a950f36ffd6bae537a,af4fcaaacafbe01ef68a981eb66228ec8f982483289874a950f36ffd6bae537a,False
fixed-joint-predictions.zip,outputs/ucmr5_final_20260828_r1/06_final_ml_full/canonical_server_run/gaussian/fold_2/site_threshold_losses.csv.gz,1627355,93842c02f2720b311b80e90a7eff1692c7983fd70bbb94ab6244e60671be1664,93842c02f2720b311b80e90a7eff1692c7983fd70bbb94ab6244e60671be1664,False
fixed-joint-predictions.zip,outputs/ucmr5_final_20260828_r1/06_final_ml_full/canonical_server_run/gaussian/fold_2/threshold_metrics.csv,2984,3d1bb7498fd6e2b27260faa07c29f2c4d7da898c2b2a422bb2a01eaba8913896,3d1bb7498fd6e2b27260faa07c29f2c4d7da898c2b2a422bb2a01eaba8913896,False
fixed-joint-predictions.zip,outputs/ucmr5_final_20260828_r1/06_final_ml_full/canonical_server_run/gaussian/fold_3/decision.json,4485,4731f0fbcc3d815f343d0f5043919742281e8b1c565a14dfad5237ea834f34a9,4731f0fbcc3d815f343d0f5043919742281e8b1c565a14dfad5237ea834f34a9,False
fixed-joint-predictions.zip,outputs/ucmr5_final_20260828_r1/06_final_ml_full/canonical_server_run/gaussian/fold_3/integrated_site_losses.csv.gz,85931,7099fd7dfdd9994f8276e04efd2964a30b9567cdb3910963a35a549e6cebf452,7099fd7dfdd9994f8276e04efd2964a30b9567cdb3910963a35a549e6cebf452,False
fixed-joint-predictions.zip,outputs/ucmr5_final_20260828_r1/06_final_ml_full/canonical_server_run/gaussian/fold_3/site_threshold_losses.csv.gz,1478003,eabbcb375d8d5facf3d6cb19290485305671df30b3e563764d808060d3b01639,eabbcb375d8d5facf3d6cb19290485305671df30b3e563764d808060d3b01639,False
fixed-joint-predictions.zip,outputs/ucmr5_final_20260828_r1/06_final_ml_full/canonical_server_run/gaussian/fold_3/threshold_metrics.csv,3005,f0c09151bc96c07d00a87592e048f5fb0d4d2ddf0c00b82ee9ac5e6d7d8fc1cb,f0c09151bc96c07d00a87592e048f5fb0d4d2ddf0c00b82ee9ac5e6d7d8fc1cb,False
fixed-joint-predictions.zip,outputs/ucmr5_final_20260828_r1/06_final_ml_full/canonical_server_run/gaussian/fold_4/decision.json,4494,13d6e4d143f5061b8e92c80991b96dfce53a7788a6e804a2de8ed453537c632d,13d6e4d143f5061b8e92c80991b96dfce53a7788a6e804a2de8ed453537c632d,False
fixed-joint-predictions.zip,outputs/ucmr5_final_20260828_r1/06_final_ml_full/canonical_server_run/gaussian/fold_4/integrated_site_losses.csv.gz,90569,fd4acf6be399c18d46a472d866735848e59fd0ede97486bed38dd7124199070b,fd4acf6be399c18d46a472d866735848e59fd0ede97486bed38dd7124199070b,False
fixed-joint-predictions.zip,outputs/ucmr5_final_20260828_r1/06_final_ml_full/canonical_server_run/gaussian/fold_4/site_threshold_losses.csv.gz,1580036,32195fab8ca65e0f218f7d7a60fdc03ba4bc97f16ca3a5937d92b90d9422905a,32195fab8ca65e0f218f7d7a60fdc03ba4bc97f16ca3a5937d92b90d9422905a,False
fixed-joint-predictions.zip,outputs/ucmr5_final_20260828_r1/06_final_ml_full/canonical_server_run/gaussian/fold_4/threshold_metrics.csv,2999,c4f724ef1b5f6702767cdfd03bcdf4302917eac355af763c543f0876a2b16255,c4f724ef1b5f6702767cdfd03bcdf4302917eac355af763c543f0876a2b16255,False
fixed-joint-predictions.zip,outputs/ucmr5_final_20260828_r1/06_final_ml_full/canonical_server_run/gaussian/merged/decision.json,13274,1e7c96e4cd4750486e6711891190d218054d446dda5f33a5076040d70667ed03,1e7c96e4cd4750486e6711891190d218054d446dda5f33a5076040d70667ed03,False
fixed-joint-predictions.zip,outputs/ucmr5_final_20260828_r1/06_final_ml_full/canonical_server_run/gaussian/merged/integrated_site_losses.csv.gz,344743,134b51511c7ab9100d10f69eff12b4a29f7b629c8849b834b54ea1488ec81d8e,134b51511c7ab9100d10f69eff12b4a29f7b629c8849b834b54ea1488ec81d8e,False
fixed-joint-predictions.zip,outputs/ucmr5_final_20260828_r1/06_final_ml_full/canonical_server_run/gaussian/merged/site_threshold_losses.csv.gz,9656695,d4cb9f6f5a1654cf99360bf4c18bfd177c8da975a448e83da1d98e3e1b64bfa8,d4cb9f6f5a1654cf99360bf4c18bfd177c8da975a448e83da1d98e3e1b64bfa8,False
fixed-joint-predictions.zip,outputs/ucmr5_final_20260828_r1/06_final_ml_full/canonical_server_run/gaussian/merged/threshold_metrics.csv,10714,839fa7305fa0755e9755624332c11bd0b4c381c0367306d1850bbaec38c64d4b,839fa7305fa0755e9755624332c11bd0b4c381c0367306d1850bbaec38c64d4b,False
fixed-joint-predictions.zip,outputs/ucmr5_final_20260828_r1/06_final_ml_full/canonical_server_run/joint/fold_1/boolean_lattice_audit.csv,2896,f17a4944fdb50e49d3e2d033b28b118acdff0437d01067abb76e6206e0367103,f17a4944fdb50e49d3e2d033b28b118acdff0437d01067abb76e6206e0367103,False
fixed-joint-predictions.zip,outputs/ucmr5_final_20260828_r1/06_final_ml_full/canonical_server_run/joint/fold_1/decision.json,9653,d4d5ca77fd1e0c30def6c461197ed6840f1dbcc702fd9eaaec30b02199d0d5e0,d4d5ca77fd1e0c30def6c461197ed6840f1dbcc702fd9eaaec30b02199d0d5e0,False
fixed-joint-predictions.zip,outputs/ucmr5_final_20260828_r1/06_final_ml_full/canonical_server_run/joint/fold_1/integrated_site_losses.csv.gz,261546,dc0ef517b78e2bee90bdcb2e98357878c41566f6a32e3482e121790b199a27d9,dc0ef517b78e2bee90bdcb2e98357878c41566f6a32e3482e121790b199a27d9,False
fixed-joint-predictions.zip,outputs/ucmr5_final_20260828_r1/06_final_ml_full/canonical_server_run/joint/fold_1/site_threshold_losses.csv.gz,4595169,6e07233eb21b10f2a6e94aafb2492e183b4fce0b4cfee23127a07b7ba415d2aa,6e07233eb21b10f2a6e94aafb2492e183b4fce0b4cfee23127a07b7ba415d2aa,False
fixed-joint-predictions.zip,outputs/ucmr5_final_20260828_r1/06_final_ml_full/canonical_server_run/joint/fold_1/threshold_metrics.csv,8204,a93dfec0bcfb0bb28689de7150c3f92578ebd69a799141c9f47767930f03e4a6,a93dfec0bcfb0bb28689de7150c3f92578ebd69a799141c9f47767930f03e4a6,False
fixed-joint-predictions.zip,outputs/ucmr5_final_20260828_r1/06_final_ml_full/canonical_server_run/joint/fold_1/training_pair_dependence_audit.csv,3729,11d02261f19d9ccd01f095a0a487c14a6a4da32c6beaed706a0f99bea6e09b0f,11d02261f19d9ccd01f095a0a487c14a6a4da32c6beaed706a0f99bea6e09b0f,False
fixed-joint-predictions.zip,outputs/ucmr5_final_20260828_r1/06_final_ml_full/canonical_server_run/joint/fold_2/boolean_lattice_audit.csv,2898,a1fcab9ad3c31c3b180c50e4500be8f9378be198438bf8122e14d4c3a7cc0bb2,a1fcab9ad3c31c3b180c50e4500be8f9378be198438bf8122e14d4c3a7cc0bb2,False
fixed-joint-predictions.zip,outputs/ucmr5_final_20260828_r1/06_final_ml_full/canonical_server_run/joint/fold_2/decision.json,9646,aad0b7ac5d7e54ccf826beb2057f47cb1bea9990f888f1401a498e158cc086e4,aad0b7ac5d7e54ccf826beb2057f47cb1bea9990f888f1401a498e158cc086e4,False
fixed-joint-predictions.zip,outputs/ucmr5_final_20260828_r1/06_final_ml_full/canonical_server_run/joint/fold_2/integrated_site_losses.csv.gz,301525,dbc7fbbd4e6d64f5b2fe33cfeddbc30e35041ac87876faef2ed3da6a1caf4dc1,dbc7fbbd4e6d64f5b2fe33cfeddbc30e35041ac87876faef2ed3da6a1caf4dc1,False
fixed-joint-predictions.zip,outputs/ucmr5_final_20260828_r1/06_final_ml_full/canonical_server_run/joint/fold_2/site_threshold_losses.csv.gz,4837714,dd0c2d67cccb2729cac0d07a871612da55ee595b1d49e5e5cdd46a311a06538e,dd0c2d67cccb2729cac0d07a871612da55ee595b1d49e5e5cdd46a311a06538e,False
fixed-joint-predictions.zip,outputs/ucmr5_final_20260828_r1/06_final_ml_full/canonical_server_run/joint/fold_2/threshold_metrics.csv,8062,ffd0de106373aa030a12847e9d4d44f40040ed76c90320975c8a5cbc0bb1f791,ffd0de106373aa030a12847e9d4d44f40040ed76c90320975c8a5cbc0bb1f791,False
fixed-joint-predictions.zip,outputs/ucmr5_final_20260828_r1/06_final_ml_full/canonical_server_run/joint/fold_2/training_pair_dependence_audit.csv,3718,61929eb36e15cacaaeacd03d854bf32655e9cf4f775d9b5af6a81a07992b44c0,61929eb36e15cacaaeacd03d854bf32655e9cf4f775d9b5af6a81a07992b44c0,False
fixed-joint-predictions.zip,outputs/ucmr5_final_20260828_r1/06_final_ml_full/canonical_server_run/joint/fold_3/boolean_lattice_audit.csv,2902,6d368fb4fb68b64a24bc63343b3824f28b72e6bf278be2b84ba7294bdf7cb2b8,6d368fb4fb68b64a24bc63343b3824f28b72e6bf278be2b84ba7294bdf7cb2b8,False
fixed-joint-predictions.zip,outputs/ucmr5_final_20260828_r1/06_final_ml_full/canonical_server_run/joint/fold_3/decision.json,9635,97455c96c323b86ae618eaeb79aa786babe0d7dc0c95a0d6715ef48f3faf1d0f,97455c96c323b86ae618eaeb79aa786babe0d7dc0c95a0d6715ef48f3faf1d0f,False
fixed-joint-predictions.zip,outputs/ucmr5_final_20260828_r1/06_final_ml_full/canonical_server_run/joint/fold_3/integrated_site_losses.csv.gz,255874,8f5a96f2d269fd17a9663bb1c6666bc576737ef01d4b3bf6b040de3d8f86b1f3,8f5a96f2d269fd17a9663bb1c6666bc576737ef01d4b3bf6b040de3d8f86b1f3,False
fixed-joint-predictions.zip,outputs/ucmr5_final_20260828_r1/06_final_ml_full/canonical_server_run/joint/fold_3/site_threshold_losses.csv.gz,4386187,46999fd5222daf6a008c5f6d63f17c4469939e7595bcb3452a4301a40646b8ba,46999fd5222daf6a008c5f6d63f17c4469939e7595bcb3452a4301a40646b8ba,False
fixed-joint-predictions.zip,outputs/ucmr5_final_20260828_r1/06_final_ml_full/canonical_server_run/joint/fold_3/threshold_metrics.csv,8150,f7def8b96c5bb130d296f24f064aa1731b95b8edf26142a73eed93ebfca01d74,f7def8b96c5bb130d296f24f064aa1731b95b8edf26142a73eed93ebfca01d74,False
fixed-joint-predictions.zip,outputs/ucmr5_final_20260828_r1/06_final_ml_full/canonical_server_run/joint/fold_3/training_pair_dependence_audit.csv,3692,1ec34b7e55e0ea122242d8e0acead5460729081aa0e6f5f78e16dd9a2b9f98ac,1ec34b7e55e0ea122242d8e0acead5460729081aa0e6f5f78e16dd9a2b9f98ac,False
fixed-joint-predictions.zip,outputs/ucmr5_final_20260828_r1/06_final_ml_full/canonical_server_run/joint/fold_4/boolean_lattice_audit.csv,2897,956fbf6b803a7a82e7e8127cbf4db6f86aa2563e4ab284c54a65d7fd240a417c,956fbf6b803a7a82e7e8127cbf4db6f86aa2563e4ab284c54a65d7fd240a417c,False
fixed-joint-predictions.zip,outputs/ucmr5_final_20260828_r1/06_final_ml_full/canonical_server_run/joint/fold_4/decision.json,9652,b4e2e49f82c1f69eb18438be5139b04dfec9d63d7db79c2249ed31e2fd4e99ec,b4e2e49f82c1f69eb18438be5139b04dfec9d63d7db79c2249ed31e2fd4e99ec,False
fixed-joint-predictions.zip,outputs/ucmr5_final_20260828_r1/06_final_ml_full/canonical_server_run/joint/fold_4/integrated_site_losses.csv.gz,273268,74dc56c04a8fedf202ad3b987a5abe6533f73e3b5ce604211161028c9c5629b3,74dc56c04a8fedf202ad3b987a5abe6533f73e3b5ce604211161028c9c5629b3,False
fixed-joint-predictions.zip,outputs/ucmr5_final_20260828_r1/06_final_ml_full/canonical_server_run/joint/fold_4/site_threshold_losses.csv.gz,4693539,2539535dd6f9de4ccce0dcb6494861bd3cd859e571b3d8f2dc8a866e46a7da91,2539535dd6f9de4ccce0dcb6494861bd3cd859e571b3d8f2dc8a866e46a7da91,False
fixed-joint-predictions.zip,outputs/ucmr5_final_20260828_r1/06_final_ml_full/canonical_server_run/joint/fold_4/threshold_metrics.csv,8159,c228b4e0875150db82ee45b3acac092e443179cf5c1bb30ca714d431e7c459b0,c228b4e0875150db82ee45b3acac092e443179cf5c1bb30ca714d431e7c459b0,False
fixed-joint-predictions.zip,outputs/ucmr5_final_20260828_r1/06_final_ml_full/canonical_server_run/joint/fold_4/training_pair_dependence_audit.csv,3709,d389509ab5a2496e7f949d831d23c9d12e1b51f9812f095a9945e6ad9e6e7879,d389509ab5a2496e7f949d831d23c9d12e1b51f9812f095a9945e6ad9e6e7879,False
fixed-joint-predictions.zip,outputs/ucmr5_final_20260828_r1/06_final_ml_full/canonical_server_run/joint/merged/boolean_lattice_audit.csv,11074,04de183383c657db9ddc0640b97f94560b3941406e5cf698f6398f0c5b6821e1,04de183383c657db9ddc0640b97f94560b3941406e5cf698f6398f0c5b6821e1,False
fixed-joint-predictions.zip,outputs/ucmr5_final_20260828_r1/06_final_ml_full/canonical_server_run/joint/merged/decision.json,31742,b1b03f57f057d1786ec846c8ae3db27dfa39068a47695380983fe5e37beaf9bf,b1b03f57f057d1786ec846c8ae3db27dfa39068a47695380983fe5e37beaf9bf,False
fixed-joint-predictions.zip,outputs/ucmr5_final_20260828_r1/06_final_ml_full/canonical_server_run/joint/merged/integrated_site_losses.csv.gz,1028489,8eb200406479d461d3e50ec432b38f01c3f5d4a1aa33db336c6ddb01700efc71,8eb200406479d461d3e50ec432b38f01c3f5d4a1aa33db336c6ddb01700efc71,False
fixed-joint-predictions.zip,outputs/ucmr5_final_20260828_r1/06_final_ml_full/canonical_server_run/joint/merged/site_threshold_losses.csv.gz,32293232,7b2b6a05631ad5c6bcbb9eb2ee73de0ab9ccd794338ccad6e057da6db68d5bd0,7b2b6a05631ad5c6bcbb9eb2ee73de0ab9ccd794338ccad6e057da6db68d5bd0,False
fixed-joint-predictions.zip,outputs/ucmr5_final_20260828_r1/06_final_ml_full/canonical_server_run/joint/merged/threshold_metrics.csv,29985,b496d5fc71a2b51a6c30766a975b7ab616fc011442a6d62782a78d3e8792cc94,b496d5fc71a2b51a6c30766a975b7ab616fc011442a6d62782a78d3e8792cc94,False
fixed-joint-predictions.zip,outputs/ucmr5_final_20260828_r1/06_final_ml_full/canonical_server_run/joint/merged/training_pair_dependence_audit.csv,13385,312a2321c2409eafcb3a17664de4cc38d8da767e4c84ee36e2d9a28c6c2a9756,312a2321c2409eafcb3a17664de4cc38d8da767e4c84ee36e2d9a28c6c2a9756,False
fixed-joint-predictions.zip,outputs/ucmr5_final_20260828_r1/06_final_ml_full/canonical_server_run/marginal/fold_0/macro_distribution_metrics.csv,399,ee64ab6ab789d444f754610a415b99fb6dfc3066341f404328974c1ec428b6c3,ee64ab6ab789d444f754610a415b99fb6dfc3066341f404328974c1ec428b6c3,False
fixed-joint-predictions.zip,outputs/ucmr5_final_20260828_r1/06_final_ml_full/canonical_server_run/marginal/fold_0/out_of_fold_distribution_predictions.csv.gz,494106,02072cd9a760f24108f00264275a18fa1b829caa0ad1119b206e95a2cd28eaf2,02072cd9a760f24108f00264275a18fa1b829caa0ad1119b206e95a2cd28eaf2,False
fixed-joint-predictions.zip,outputs/ucmr5_final_20260828_r1/06_final_ml_full/canonical_server_run/marginal/fold_0/per_analyte_distribution_metrics.csv,1534,c4e74bd91e58fa007ea519e2235a7347ebe90fb88ec674f06e8ca342ba80ba53,c4e74bd91e58fa007ea519e2235a7347ebe90fb88ec674f06e8ca342ba80ba53,False
fixed-joint-predictions.zip,outputs/ucmr5_final_20260828_r1/06_final_ml_full/canonical_server_run/marginal/fold_1/macro_distribution_metrics.csv,401,8846d33ce4c5d76c5a4a4640c6ec1428d3bdc9cbbf0c5bee68545733d7cb8f34,8846d33ce4c5d76c5a4a4640c6ec1428d3bdc9cbbf0c5bee68545733d7cb8f34,False
fixed-joint-predictions.zip,outputs/ucmr5_final_20260828_r1/06_final_ml_full/canonical_server_run/marginal/fold_1/out_of_fold_distribution_predictions.csv.gz,478157,a89bc4e92b9539972a9aaeeb6734eabee0a4b270ae9f55762de0ca9c624d81c2,a89bc4e92b9539972a9aaeeb6734eabee0a4b270ae9f55762de0ca9c624d81c2,False
fixed-joint-predictions.zip,outputs/ucmr5_final_20260828_r1/06_final_ml_full/canonical_server_run/marginal/fold_1/per_analyte_distribution_metrics.csv,1546,aaf97460be78bc88049173eb2f2a62d7717c9a67da28af84a885138200155d22,aaf97460be78bc88049173eb2f2a62d7717c9a67da28af84a885138200155d22,False
fixed-joint-predictions.zip,outputs/ucmr5_final_20260828_r1/06_final_ml_full/canonical_server_run/marginal/fold_2/macro_distribution_metrics.csv,398,f0f0a47baac742b9f4ade01a68a7676b2c46080817bf7f2ced5cf06995883306,f0f0a47baac742b9f4ade01a68a7676b2c46080817bf7f2ced5cf06995883306,False
fixed-joint-predictions.zip,outputs/ucmr5_final_20260828_r1/06_final_ml_full/canonical_server_run/marginal/fold_2/out_of_fold_distribution_predictions.csv.gz,488799,6fd8ff5cf86af24aefd88130a2707cbfa37f2546a0d4229e05526ba21043b22a,6fd8ff5cf86af24aefd88130a2707cbfa37f2546a0d4229e05526ba21043b22a,False
fixed-joint-predictions.zip,outputs/ucmr5_final_20260828_r1/06_final_ml_full/canonical_server_run/marginal/fold_2/per_analyte_distribution_metrics.csv,1537,5d4259df31a55588518c6ec7b5cb07782b31daccf648ef158030300196a00e8c,5d4259df31a55588518c6ec7b5cb07782b31daccf648ef158030300196a00e8c,False
fixed-joint-predictions.zip,outputs/ucmr5_final_20260828_r1/06_final_ml_full/canonical_server_run/marginal/fold_3/macro_distribution_metrics.csv,401,3981d782358eb2ec6f0df6ab653ba62a2174b5e592984f78e4b50d72b61d6f04,3981d782358eb2ec6f0df6ab653ba62a2174b5e592984f78e4b50d72b61d6f04,False
fixed-joint-predictions.zip,outputs/ucmr5_final_20260828_r1/06_final_ml_full/canonical_server_run/marginal/fold_3/out_of_fold_distribution_predictions.csv.gz,455575,85aebe0ec9079907183ed4bad93386d5077ec7f50ce4bd17bfadccfccb4ccc64,85aebe0ec9079907183ed4bad93386d5077ec7f50ce4bd17bfadccfccb4ccc64,False
fixed-joint-predictions.zip,outputs/ucmr5_final_20260828_r1/06_final_ml_full/canonical_server_run/marginal/fold_3/per_analyte_distribution_metrics.csv,1537,839c733325664b84d3c0884c7ee5b083b9cce1fb34eabb676c293789bf48a706,839c733325664b84d3c0884c7ee5b083b9cce1fb34eabb676c293789bf48a706,False
fixed-joint-predictions.zip,outputs/ucmr5_final_20260828_r1/06_final_ml_full/canonical_server_run/marginal/fold_4/macro_distribution_metrics.csv,398,637b559dbbb003549df1d77b781dbb028f33da5565957acc01014ab56887f00a,637b559dbbb003549df1d77b781dbb028f33da5565957acc01014ab56887f00a,False
fixed-joint-predictions.zip,outputs/ucmr5_final_20260828_r1/06_final_ml_full/canonical_server_run/marginal/fold_4/out_of_fold_distribution_predictions.csv.gz,486828,af7e0e4033afec83504bdb0e10647cb2291ced9a99485cc5134acf1f95046992,af7e0e4033afec83504bdb0e10647cb2291ced9a99485cc5134acf1f95046992,False
fixed-joint-predictions.zip,outputs/ucmr5_final_20260828_r1/06_final_ml_full/canonical_server_run/marginal/fold_4/per_analyte_distribution_metrics.csv,1544,c7051ef3d1ebaec4d7c8d24295c22ca4fe93a9810c035fe3fd2b7e87b44c45a7,c7051ef3d1ebaec4d7c8d24295c22ca4fe93a9810c035fe3fd2b7e87b44c45a7,False
fixed-joint-predictions.zip,outputs/ucmr5_final_20260828_r1/06_final_ml_full/canonical_server_run/marginal/hgb_comparison/integrated_metrics.csv,1669,f73d1ffe17f915f495fba2c1b8f2da87bfdae431dc48552e52905b32da823ee9,f73d1ffe17f915f495fba2c1b8f2da87bfdae431dc48552e52905b32da823ee9,False
fixed-joint-predictions.zip,outputs/ucmr5_final_20260828_r1/06_final_ml_full/canonical_server_run/marginal/hgb_comparison/state_cluster_contrasts.csv,4964,c365cb964842f2106fef1f9b8004915ee5bbbe4c2a7d07a2b5238d4e922f5d87,c365cb964842f2106fef1f9b8004915ee5bbbe4c2a7d07a2b5238d4e922f5d87,False
fixed-joint-predictions.zip,outputs/ucmr5_final_20260828_r1/06_final_ml_full/canonical_server_run/marginal/hgb_comparison/threshold_curve_summary.csv,25943,e651b75354b20552bf622a43da662c507e44aa6da187d16f327bda812746f186,e651b75354b20552bf622a43da662c507e44aa6da187d16f327bda812746f186,False
fixed-joint-predictions.zip,outputs/ucmr5_final_20260828_r1/06_final_ml_full/canonical_server_run/marginal/merged/macro_distribution_metrics.csv,399,48fd15e5d9ecf3a3463aa2fa8f7fb98c51970db46906d7be67691cf0ced3d592,48fd15e5d9ecf3a3463aa2fa8f7fb98c51970db46906d7be67691cf0ced3d592,False
fixed-joint-predictions.zip,outputs/ucmr5_final_20260828_r1/06_final_ml_full/canonical_server_run/marginal/merged/out_of_fold_distribution_predictions.csv.gz,2400906,ec92c1393f8e4baff127e03be8502e4247497970ff0dc3b830f55e2e9feeedf8,ec92c1393f8e4baff127e03be8502e4247497970ff0dc3b830f55e2e9feeedf8,False
fixed-joint-predictions.zip,outputs/ucmr5_final_20260828_r1/06_final_ml_full/canonical_server_run/marginal/merged/per_analyte_distribution_metrics.csv,1564,24892c5b37dcaec40baffe9e8b34fb532091914eaedffbf1c56355ff3d8d0339,24892c5b37dcaec40baffe9e8b34fb532091914eaedffbf1c56355ff3d8d0339,False
fixed-joint-predictions.zip,outputs/ucmr5_final_20260828_r1/06_final_ml_full/canonical_server_run/nested/fold_1/nested_joint_training_margins.csv.gz,1336307,ab33ad2066da726f24b9701db81815bd7ce6b0fc9ed7d8a0fd97531fb5cd6760,ab33ad2066da726f24b9701db81815bd7ce6b0fc9ed7d8a0fd97531fb5cd6760,False
fixed-joint-predictions.zip,outputs/ucmr5_final_20260828_r1/06_final_ml_full/canonical_server_run/nested/fold_2/nested_joint_training_margins.csv.gz,1359643,ff28c264f2a14e75b14026cadda762e3715b9d37c1c58fcda08c9671a34a1f5c,ff28c264f2a14e75b14026cadda762e3715b9d37c1c58fcda08c9671a34a1f5c,False
fixed-joint-predictions.zip,outputs/ucmr5_final_20260828_r1/06_final_ml_full/canonical_server_run/nested/fold_3/nested_joint_training_margins.csv.gz,1348122,f15ff1e3b8777e81674f6e01e92cf5c845272bc43b8dcdeb4d08b4bffb0414bb,f15ff1e3b8777e81674f6e01e92cf5c845272bc43b8dcdeb4d08b4bffb0414bb,False
fixed-joint-predictions.zip,outputs/ucmr5_final_20260828_r1/06_final_ml_full/canonical_server_run/nested/fold_4/nested_joint_training_margins.csv.gz,1326049,0d7cd00a93404acd1215ddaf75c85a7952bb59ab710bbcca8594e6d7dc9e13c1,0d7cd00a93404acd1215ddaf75c85a7952bb59ab710bbcca8594e6d7dc9e13c1,False
fixed-joint-predictions.zip,outputs/ucmr5_final_20260828_r1/06_final_ml_full/canonical_server_run/nested/merged/nested_joint_training_margins.csv.gz,7102421,9cacc394b4dd841912bceb529ef134b5626ea4a5be469da90df70d72cb4d2a0e,9cacc394b4dd841912bceb529ef134b5626ea4a5be469da90df70d72cb4d2a0e,False
auxiliary-predictions.zip,outputs/auxiliary_information_20260926/cohort.csv.gz,309142,497b9066405335f2d7ae72076f996d099dc6770c0a6e1cf702407db3a77e708e,497b9066405335f2d7ae72076f996d099dc6770c0a6e1cf702407db3a77e708e,False
auxiliary-predictions.zip,outputs/auxiliary_information_20260926/figures/origin_information_curves.csv,4976,ea82632640ec9cf624d3df5d32321148d41027720ad647b38860e4d658050c10,ea82632640ec9cf624d3df5d32321148d41027720ad647b38860e4d658050c10,False
auxiliary-predictions.zip,outputs/auxiliary_information_20260926/fold0/SETTINGS.json,953,db43a59c3ab760cba43a4ac50044b54a4222817620e01107a6edcf45f0179d0c,db43a59c3ab760cba43a4ac50044b54a4222817620e01107a6edcf45f0179d0c,False
auxiliary-predictions.zip,outputs/auxiliary_information_20260926/fold0/baseline_feature_spec.json,2466,4588a803272f2c7c2b4bd58de8b7a7424f2f2e1e6922875156c2c66e146168cf,4588a803272f2c7c2b4bd58de8b7a7424f2f2e1e6922875156c2c66e146168cf,False
auxiliary-predictions.zip,outputs/auxiliary_information_20260926/fold0/baseline_independent_independent.pt,3181,0e5828c10baf50a30c5bb336b01691125ecd7db68f7a38a2b968aa1b48524175,0e5828c10baf50a30c5bb336b01691125ecd7db68f7a38a2b968aa1b48524175,False
auxiliary-predictions.zip,outputs/auxiliary_information_20260926/fold0/baseline_linear_count.pt,3157,863f6e9b251330b117218e7730fec18d4709bf1bd244cb7f126524234b89df74,863f6e9b251330b117218e7730fec18d4709bf1bd244cb7f126524234b89df74,False
auxiliary-predictions.zip,outputs/auxiliary_information_20260926/fold0/baseline_linear_identity.pt,11053,dc2edf03390f3a98e8a3efc879a14204c82fb79047bf1797f7105d923af3e2a8,dc2edf03390f3a98e8a3efc879a14204c82fb79047bf1797f7105d923af3e2a8,False
auxiliary-predictions.zip,outputs/auxiliary_information_20260926/fold0/baseline_nonlinear_count.pt,13383,9be08271212bef96730d47c7da60c8ea1f6306a9c729ea0eaafcd63e5ddf5dfb,9be08271212bef96730d47c7da60c8ea1f6306a9c729ea0eaafcd63e5ddf5dfb,False
auxiliary-predictions.zip,outputs/auxiliary_information_20260926/fold0/baseline_nonlinear_identity.pt,28261,ed5d981646af7a34031006da39c41ddf3ae0baed39ef21b27306b8f822a3c489,ed5d981646af7a34031006da39c41ddf3ae0baed39ef21b27306b8f822a3c489,False
auxiliary-predictions.zip,outputs/auxiliary_information_20260926/fold0/predictions.npz,17304777,9aa67c8e9bb24053c8d1fc6214628307c10b19c8d772b30d46dec430d3d3f733,9aa67c8e9bb24053c8d1fc6214628307c10b19c8d772b30d46dec430d3d3f733,False
auxiliary-predictions.zip,outputs/auxiliary_information_20260926/fold0/selected3_feature_spec.json,2957,834f33d8bbdd33922bb7f2bf7f6f429da48b2f474382201502ef97f42dec5646,834f33d8bbdd33922bb7f2bf7f6f429da48b2f474382201502ef97f42dec5646,False
auxiliary-predictions.zip,outputs/auxiliary_information_20260926/fold0/selected3_independent_independent.pt,3381,8aba2f5a65408fe7e3112c3a2cdd1d1574426bcb51962f6f969fc7749e79cca0,8aba2f5a65408fe7e3112c3a2cdd1d1574426bcb51962f6f969fc7749e79cca0,False
auxiliary-predictions.zip,outputs/auxiliary_information_20260926/fold0/selected3_linear_count.pt,3421,6cbf0661972a3872a3b6d80a8b7c206603c5dc210b265253cc5e4a02b1ea9247,6cbf0661972a3872a3b6d80a8b7c206603c5dc210b265253cc5e4a02b1ea9247,False
auxiliary-predictions.zip,outputs/auxiliary_information_20260926/fold0/selected3_linear_identity.pt,12597,f0eb3694848e95f65d768480e035a7e685ed1effd0d1930e382d11ef1484b966,f0eb3694848e95f65d768480e035a7e685ed1effd0d1930e382d11ef1484b966,False
auxiliary-predictions.zip,outputs/auxiliary_information_20260926/fold0/selected3_nonlinear_count.pt,14929,6fbc0231ccd4c02c5bf99ebcff79904869f186022d232b3cad7d2ebbb5dbc9f5,6fbc0231ccd4c02c5bf99ebcff79904869f186022d232b3cad7d2ebbb5dbc9f5,False
auxiliary-predictions.zip,outputs/auxiliary_information_20260926/fold0/selected3_nonlinear_identity.pt,29807,b91da094eba6de189c3b0bbb2aceee973f839c819e8671556cf8b3ad8f4fb050,b91da094eba6de189c3b0bbb2aceee973f839c819e8671556cf8b3ad8f4fb050,False
auxiliary-predictions.zip,outputs/auxiliary_information_20260926/fold0/training_auxiliary_ranking.csv,753,31049319a67289c147083fa1fb5c35e0f7e9d5b3231f8477e67fcaffe54f3c1c,31049319a67289c147083fa1fb5c35e0f7e9d5b3231f8477e67fcaffe54f3c1c,False
auxiliary-predictions.zip,outputs/auxiliary_information_20260926/fold0/tuning.csv,13263,a99f43279926a5ae5cbc09c684d70c217184f42b7956b05dadaef2681d42f6b0,a99f43279926a5ae5cbc09c684d70c217184f42b7956b05dadaef2681d42f6b0,False
auxiliary-predictions.zip,outputs/auxiliary_information_20260926/fold1/SETTINGS.json,953,db43a59c3ab760cba43a4ac50044b54a4222817620e01107a6edcf45f0179d0c,db43a59c3ab760cba43a4ac50044b54a4222817620e01107a6edcf45f0179d0c,False
auxiliary-predictions.zip,outputs/auxiliary_information_20260926/fold1/baseline_feature_spec.json,2472,d8dcb1e9bd61f52b2cad4a392a16eadc75e3aa2e8f4dd9370035a53d4b73a61a,d8dcb1e9bd61f52b2cad4a392a16eadc75e3aa2e8f4dd9370035a53d4b73a61a,False
auxiliary-predictions.zip,outputs/auxiliary_information_20260926/fold1/baseline_independent_independent.pt,3181,a59b3b1fc66917624002ae8e4e4de54c691e2f105faa2ed5fbd0a5fc2daa9754,a59b3b1fc66917624002ae8e4e4de54c691e2f105faa2ed5fbd0a5fc2daa9754,False
auxiliary-predictions.zip,outputs/auxiliary_information_20260926/fold1/baseline_linear_count.pt,3157,ad97d5ab534dc84834de2964b9efe6f3fe5e2f368b6e05ad04c8ad8ab2864b47,ad97d5ab534dc84834de2964b9efe6f3fe5e2f368b6e05ad04c8ad8ab2864b47,False
auxiliary-predictions.zip,outputs/auxiliary_information_20260926/fold1/baseline_linear_identity.pt,11053,f7db73f8875ca7c790afb3779dd30d275c1aabee649cef76fee41baa143119b3,f7db73f8875ca7c790afb3779dd30d275c1aabee649cef76fee41baa143119b3,False
auxiliary-predictions.zip,outputs/auxiliary_information_20260926/fold1/baseline_nonlinear_count.pt,13383,19c2e3e78f8967a6c5695523009506488cb7bdd55f7aeffbdedadb97b79334b6,19c2e3e78f8967a6c5695523009506488cb7bdd55f7aeffbdedadb97b79334b6,False
auxiliary-predictions.zip,outputs/auxiliary_information_20260926/fold1/baseline_nonlinear_identity.pt,28261,522e3784932ab18d73af6b545c8aa2d432163afede8ce0070dcf8976de3247b6,522e3784932ab18d73af6b545c8aa2d432163afede8ce0070dcf8976de3247b6,False
auxiliary-predictions.zip,outputs/auxiliary_information_20260926/fold1/predictions.npz,20075351,df3644a30adc4f2f8f9dacd47887af7bffcddb4b50a5f5b5ba15c4cd4b5273aa,df3644a30adc4f2f8f9dacd47887af7bffcddb4b50a5f5b5ba15c4cd4b5273aa,False
auxiliary-predictions.zip,outputs/auxiliary_information_20260926/fold1/selected3_feature_spec.json,2968,4a25e90f4b7445e6d023522e3c9643be78fba8fdeaba3f1ced544cad3213408d,4a25e90f4b7445e6d023522e3c9643be78fba8fdeaba3f1ced544cad3213408d,False
auxiliary-predictions.zip,outputs/auxiliary_information_20260926/fold1/selected3_independent_independent.pt,3381,1408b123558e1090d4a75ce09b02d471916692cab7621fd624199f98cda44350,1408b123558e1090d4a75ce09b02d471916692cab7621fd624199f98cda44350,False
auxiliary-predictions.zip,outputs/auxiliary_information_20260926/fold1/selected3_linear_count.pt,3421,375308a59aff6402264d0bdacd623921eb0867672639d4e4f8651e96bf1c27aa,375308a59aff6402264d0bdacd623921eb0867672639d4e4f8651e96bf1c27aa,False
auxiliary-predictions.zip,outputs/auxiliary_information_20260926/fold1/selected3_linear_identity.pt,12597,78c050f804136b3f3110df64881e828a4dd8890474c330b2b8848d8fe963f9b2,78c050f804136b3f3110df64881e828a4dd8890474c330b2b8848d8fe963f9b2,False
auxiliary-predictions.zip,outputs/auxiliary_information_20260926/fold1/selected3_nonlinear_count.pt,14929,a2adcbd805a6db72a09bea71a6b19cb7e16b546b7c45ae78d01f3d89bac9712d,a2adcbd805a6db72a09bea71a6b19cb7e16b546b7c45ae78d01f3d89bac9712d,False
auxiliary-predictions.zip,outputs/auxiliary_information_20260926/fold1/selected3_nonlinear_identity.pt,29807,19ee2fb31058722e4e1570af6503324c770105129aeef23b023b99afafe83c7f,19ee2fb31058722e4e1570af6503324c770105129aeef23b023b99afafe83c7f,False
auxiliary-predictions.zip,outputs/auxiliary_information_20260926/fold1/training_auxiliary_ranking.csv,778,3d4c46e797d91be39cf4bca3f1eada4d16753d2e0755698acf8ddb67da8c80d4,3d4c46e797d91be39cf4bca3f1eada4d16753d2e0755698acf8ddb67da8c80d4,False
auxiliary-predictions.zip,outputs/auxiliary_information_20260926/fold1/tuning.csv,13277,aded3e5faaf824a37843719426a01689e8bd96e0fa9c4b7ef6561ed3d25d5419,aded3e5faaf824a37843719426a01689e8bd96e0fa9c4b7ef6561ed3d25d5419,False
auxiliary-predictions.zip,outputs/auxiliary_information_20260926/fold2/SETTINGS.json,953,1ded66e271c821a4db45f58e411da24b6f452b433f7b057be4c8751d3c7e0f39,1ded66e271c821a4db45f58e411da24b6f452b433f7b057be4c8751d3c7e0f39,False
auxiliary-predictions.zip,outputs/auxiliary_information_20260926/fold2/baseline_feature_spec.json,2466,a0b477676c429b316083e1a6ff5b1a58a51a2ef62e9caccdbca634704df7001b,a0b477676c429b316083e1a6ff5b1a58a51a2ef62e9caccdbca634704df7001b,False
auxiliary-predictions.zip,outputs/auxiliary_information_20260926/fold2/baseline_independent_independent.pt,3181,d53e20bebe89f9750bd5d078701ab33b4383ab6fdc6bc3b7de4c9e9eeaf7379a,d53e20bebe89f9750bd5d078701ab33b4383ab6fdc6bc3b7de4c9e9eeaf7379a,False
auxiliary-predictions.zip,outputs/auxiliary_information_20260926/fold2/baseline_linear_count.pt,3157,b5958bf441ecc67fdd237f84e300644b925eb9268eb37de0d43670bbc1d8bfea,b5958bf441ecc67fdd237f84e300644b925eb9268eb37de0d43670bbc1d8bfea,False
auxiliary-predictions.zip,outputs/auxiliary_information_20260926/fold2/baseline_linear_identity.pt,11053,c40720e73fcb23dcd4194dc404e43045a1140452a1a489986ef07f7975256250,c40720e73fcb23dcd4194dc404e43045a1140452a1a489986ef07f7975256250,False
auxiliary-predictions.zip,outputs/auxiliary_information_20260926/fold2/baseline_nonlinear_count.pt,13383,6fce1bcb24a08e86b801b02f96437500c8b9dafbfa7b28ee6bbb815379ad2965,6fce1bcb24a08e86b801b02f96437500c8b9dafbfa7b28ee6bbb815379ad2965,False
auxiliary-predictions.zip,outputs/auxiliary_information_20260926/fold2/baseline_nonlinear_identity.pt,28261,ee6452da35ed351bbf2864401510484f334b50fd2a42b19f658d543427a98f94,ee6452da35ed351bbf2864401510484f334b50fd2a42b19f658d543427a98f94,False
auxiliary-predictions.zip,outputs/auxiliary_information_20260926/fold2/predictions.npz,18424653,338c5bc1594c02cc5921c159225a385d5909afd0010fcbbeb54b7c0ab1571c69,338c5bc1594c02cc5921c159225a385d5909afd0010fcbbeb54b7c0ab1571c69,False
auxiliary-predictions.zip,outputs/auxiliary_information_20260926/fold2/selected3_feature_spec.json,2956,e780a2661187367b1f386d597ed5702a2d48425af96d3916d962e5ed6a7a6a5c,e780a2661187367b1f386d597ed5702a2d48425af96d3916d962e5ed6a7a6a5c,False
auxiliary-predictions.zip,outputs/auxiliary_information_20260926/fold2/selected3_independent_independent.pt,3381,77c170cd20744143d1f21bc86a0e9e1ff557c68cd39da0c6e21c1e1036a3890d,77c170cd20744143d1f21bc86a0e9e1ff557c68cd39da0c6e21c1e1036a3890d,False
auxiliary-predictions.zip,outputs/auxiliary_information_20260926/fold2/selected3_linear_count.pt,3421,2acf7ac913d57ab6b0055ddd31cdabedb60748bcde6a084cea8cdb19f046ce64,2acf7ac913d57ab6b0055ddd31cdabedb60748bcde6a084cea8cdb19f046ce64,False
auxiliary-predictions.zip,outputs/auxiliary_information_20260926/fold2/selected3_linear_identity.pt,12597,d77223e82caacefaeff118db3b631cf2ac42f6856a62aa231730008724fa2aac,d77223e82caacefaeff118db3b631cf2ac42f6856a62aa231730008724fa2aac,False
auxiliary-predictions.zip,outputs/auxiliary_information_20260926/fold2/selected3_nonlinear_count.pt,14929,85c103da84feeaec3bce92ea3727f3b8579192a1c325a78ed1abdd839e28543d,85c103da84feeaec3bce92ea3727f3b8579192a1c325a78ed1abdd839e28543d,False
auxiliary-predictions.zip,outputs/auxiliary_information_20260926/fold2/selected3_nonlinear_identity.pt,29807,d6a4cddb9d7151d29bc3dd348cb2f7377e97faee70c81c6be83896419cd9706b,d6a4cddb9d7151d29bc3dd348cb2f7377e97faee70c81c6be83896419cd9706b,False
auxiliary-predictions.zip,outputs/auxiliary_information_20260926/fold2/training_auxiliary_ranking.csv,762,af787e4a32479681ec67515a6cd6c601e6ab45961a9922cc109b3be8d3ad9815,af787e4a32479681ec67515a6cd6c601e6ab45961a9922cc109b3be8d3ad9815,False
auxiliary-predictions.zip,outputs/auxiliary_information_20260926/fold2/tuning.csv,13205,976f56c27ffcd5b245103298d60a7c512bb1e93738ceb46d34f0acf3633eae82,976f56c27ffcd5b245103298d60a7c512bb1e93738ceb46d34f0acf3633eae82,False
auxiliary-predictions.zip,outputs/auxiliary_information_20260926/fold3/SETTINGS.json,953,1ded66e271c821a4db45f58e411da24b6f452b433f7b057be4c8751d3c7e0f39,1ded66e271c821a4db45f58e411da24b6f452b433f7b057be4c8751d3c7e0f39,False
auxiliary-predictions.zip,outputs/auxiliary_information_20260926/fold3/baseline_feature_spec.json,2468,c2484467f32b96c6c3fd6dd39dff8ad771ffca69b94de7401b511477b4c18377,c2484467f32b96c6c3fd6dd39dff8ad771ffca69b94de7401b511477b4c18377,False
auxiliary-predictions.zip,outputs/auxiliary_information_20260926/fold3/baseline_independent_independent.pt,3181,634a6610aca3c385ea8e644126337629e52aaacaa3ff93e6703ec27a30841c4c,634a6610aca3c385ea8e644126337629e52aaacaa3ff93e6703ec27a30841c4c,False
auxiliary-predictions.zip,outputs/auxiliary_information_20260926/fold3/baseline_linear_count.pt,3157,1b4e5d048364b88b65d14ca8bfc93ccf986f62a68e35cc60c14dc3367b909b94,1b4e5d048364b88b65d14ca8bfc93ccf986f62a68e35cc60c14dc3367b909b94,False
auxiliary-predictions.zip,outputs/auxiliary_information_20260926/fold3/baseline_linear_identity.pt,11053,5f039d3bdc7a42f55b0644710db1f4da94821197e3c554c9a8f3a4934d2c0e21,5f039d3bdc7a42f55b0644710db1f4da94821197e3c554c9a8f3a4934d2c0e21,False
auxiliary-predictions.zip,outputs/auxiliary_information_20260926/fold3/baseline_nonlinear_count.pt,13383,7f11ff1549b39788ade0ef51af2a8fccd15f15e0c756beeb3eac6ae875efea63,7f11ff1549b39788ade0ef51af2a8fccd15f15e0c756beeb3eac6ae875efea63,False
auxiliary-predictions.zip,outputs/auxiliary_information_20260926/fold3/baseline_nonlinear_identity.pt,28261,a73c39eda4980c44bb94d98304ec6d3cfbd096b9352f933fa7be620adeb6e94f,a73c39eda4980c44bb94d98304ec6d3cfbd096b9352f933fa7be620adeb6e94f,False
auxiliary-predictions.zip,outputs/auxiliary_information_20260926/fold3/predictions.npz,15027142,5e82eebba584909054c23d3313a875c9c23b39bbb6351650eebf3b6fef2dc878,5e82eebba584909054c23d3313a875c9c23b39bbb6351650eebf3b6fef2dc878,False
auxiliary-predictions.zip,outputs/auxiliary_information_20260926/fold3/selected3_feature_spec.json,2960,2643ac097e3d56ab4755bf95d53aa413e4008ffdb372b4212dd4f00ab85c3761,2643ac097e3d56ab4755bf95d53aa413e4008ffdb372b4212dd4f00ab85c3761,False
auxiliary-predictions.zip,outputs/auxiliary_information_20260926/fold3/selected3_independent_independent.pt,3381,a702923dba3428fd1f400bbfee1290e230130eeab7198697b011b283cf54d955,a702923dba3428fd1f400bbfee1290e230130eeab7198697b011b283cf54d955,False
auxiliary-predictions.zip,outputs/auxiliary_information_20260926/fold3/selected3_linear_count.pt,3421,9a0e8cd772651f6faed8df1ea3ad3c37e8557f670a840e765fb648161e7c002e,9a0e8cd772651f6faed8df1ea3ad3c37e8557f670a840e765fb648161e7c002e,False
auxiliary-predictions.zip,outputs/auxiliary_information_20260926/fold3/selected3_linear_identity.pt,12597,9da9ce695d9e016b308e9bc1ee50781e483164a26ebd630a4577692fe64dc80c,9da9ce695d9e016b308e9bc1ee50781e483164a26ebd630a4577692fe64dc80c,False
auxiliary-predictions.zip,outputs/auxiliary_information_20260926/fold3/selected3_nonlinear_count.pt,14929,d9bf24f12f27e0db280563dbcdb2b56b1a1f769b42a0e47e00ef24cc496702db,d9bf24f12f27e0db280563dbcdb2b56b1a1f769b42a0e47e00ef24cc496702db,False
auxiliary-predictions.zip,outputs/auxiliary_information_20260926/fold3/selected3_nonlinear_identity.pt,29807,cffa55379663444f4b3ea9234d6292decde67683637e2495dcc094721a70a7e8,cffa55379663444f4b3ea9234d6292decde67683637e2495dcc094721a70a7e8,False
auxiliary-predictions.zip,outputs/auxiliary_information_20260926/fold3/training_auxiliary_ranking.csv,766,ae5e9e921403708e661f7c276781d25778ad4c3d7db64ea15d63fe8c8a28c736,ae5e9e921403708e661f7c276781d25778ad4c3d7db64ea15d63fe8c8a28c736,False
auxiliary-predictions.zip,outputs/auxiliary_information_20260926/fold3/tuning.csv,13208,ae76687c419de4ede38de96a1ed3caa713eb2530814fdb78e5a71a04f8f3efb9,ae76687c419de4ede38de96a1ed3caa713eb2530814fdb78e5a71a04f8f3efb9,False
auxiliary-predictions.zip,outputs/auxiliary_information_20260926/fold4/SETTINGS.json,953,db43a59c3ab760cba43a4ac50044b54a4222817620e01107a6edcf45f0179d0c,db43a59c3ab760cba43a4ac50044b54a4222817620e01107a6edcf45f0179d0c,False
auxiliary-predictions.zip,outputs/auxiliary_information_20260926/fold4/baseline_feature_spec.json,2375,22ca867a47f0fb79c7967174005325b1d310fe5baa704152924afb9a1a55cb46,22ca867a47f0fb79c7967174005325b1d310fe5baa704152924afb9a1a55cb46,False
auxiliary-predictions.zip,outputs/auxiliary_information_20260926/fold4/baseline_independent_independent.pt,3181,c8c77c837435ea64e4c7aa4ef2d3d2831f2f9a5810358a6b2ff8949032bbc686,c8c77c837435ea64e4c7aa4ef2d3d2831f2f9a5810358a6b2ff8949032bbc686,False
auxiliary-predictions.zip,outputs/auxiliary_information_20260926/fold4/baseline_linear_count.pt,3157,9a9fe86672008ab407ad381b659cc874e1ba5a8deed0ee60099869367c62021d,9a9fe86672008ab407ad381b659cc874e1ba5a8deed0ee60099869367c62021d,False
auxiliary-predictions.zip,outputs/auxiliary_information_20260926/fold4/baseline_linear_identity.pt,10797,6fc95cf85ccb8c4f36a3ffb8e81bf6735586bb488de63037e37b196137826fe1,6fc95cf85ccb8c4f36a3ffb8e81bf6735586bb488de63037e37b196137826fe1,False
auxiliary-predictions.zip,outputs/auxiliary_information_20260926/fold4/baseline_nonlinear_count.pt,13127,855bbcb89540670a8b01a02bbc1d737a689feaa5098dd659315c77a447a85d9e,855bbcb89540670a8b01a02bbc1d737a689feaa5098dd659315c77a447a85d9e,False
auxiliary-predictions.zip,outputs/auxiliary_information_20260926/fold4/baseline_nonlinear_identity.pt,28005,6e231b1fc197b17d2f19fc9a9bace06af3065c43f372a7b77983fe5432d4c86e,6e231b1fc197b17d2f19fc9a9bace06af3065c43f372a7b77983fe5432d4c86e,False
auxiliary-predictions.zip,outputs/auxiliary_information_20260926/fold4/predictions.npz,17156993,c93d404ce0dc2223f512092262fa837d0744afbaee411c4e91e3e5492fccd184,c93d404ce0dc2223f512092262fa837d0744afbaee411c4e91e3e5492fccd184,False
auxiliary-predictions.zip,outputs/auxiliary_information_20260926/fold4/selected3_feature_spec.json,2862,0253e9b7c1363cab63c84fc96799a2d1222d333c0514ff06e101d5ca380e14b6,0253e9b7c1363cab63c84fc96799a2d1222d333c0514ff06e101d5ca380e14b6,False
auxiliary-predictions.zip,outputs/auxiliary_information_20260926/fold4/selected3_independent_independent.pt,3317,aabe866386de97def8f87578b3372c6b867c3c37b8c6b0d813c2bce3d8183ea9,aabe866386de97def8f87578b3372c6b867c3c37b8c6b0d813c2bce3d8183ea9,False
auxiliary-predictions.zip,outputs/auxiliary_information_20260926/fold4/selected3_linear_count.pt,3357,7940385b6629fbd216bc5c6aef8d582598002d710afb2ec3a2fa736767e21020,7940385b6629fbd216bc5c6aef8d582598002d710afb2ec3a2fa736767e21020,False
auxiliary-predictions.zip,outputs/auxiliary_information_20260926/fold4/selected3_linear_identity.pt,12341,1f298a3f3a5faf8248327249bc878d1c793dc10e63611f906c7603b31f98822f,1f298a3f3a5faf8248327249bc878d1c793dc10e63611f906c7603b31f98822f,False
auxiliary-predictions.zip,outputs/auxiliary_information_20260926/fold4/selected3_nonlinear_count.pt,14673,ca197ced94e7325625fb15755086b01955af9d8516ab9a24218227070abbc991,ca197ced94e7325625fb15755086b01955af9d8516ab9a24218227070abbc991,False
auxiliary-predictions.zip,outputs/auxiliary_information_20260926/fold4/selected3_nonlinear_identity.pt,29551,02e68c340c5bf9d95a52c3ef33347edd7798edce7417a5dd6e821b8dca064020,02e68c340c5bf9d95a52c3ef33347edd7798edce7417a5dd6e821b8dca064020,False
auxiliary-predictions.zip,outputs/auxiliary_information_20260926/fold4/training_auxiliary_ranking.csv,774,c3741c852cbc803ee33ac4c9d613b957f94ae2b69a8d42ebcd7f0d771597bf3d,c3741c852cbc803ee33ac4c9d613b957f94ae2b69a8d42ebcd7f0d771597bf3d,False
auxiliary-predictions.zip,outputs/auxiliary_information_20260926/fold4/tuning.csv,13209,ee5ec6e6a2dfb651c57145013d1a5b2e4443394f2225be99b2e99d35550617d7,ee5ec6e6a2dfb651c57145013d1a5b2e4443394f2225be99b2e99d35550617d7,False
auxiliary-predictions.zip,outputs/auxiliary_information_20260926/identity_controls/fold0_all19.npz,2810,30476ce4b9b3bf54460dcdca79c6c0289c5c159377bbe9d4c88930eec80ff128,30476ce4b9b3bf54460dcdca79c6c0289c5c159377bbe9d4c88930eec80ff128,False
auxiliary-predictions.zip,outputs/auxiliary_information_20260926/identity_controls/fold0_baseline.npz,1682,070a0e3d0e6dabaf3077628356638265f700fe212a124f78d8ca6f2d16ac9088,070a0e3d0e6dabaf3077628356638265f700fe212a124f78d8ca6f2d16ac9088,False
auxiliary-predictions.zip,outputs/auxiliary_information_20260926/identity_controls/fold0_control_probabilities.npz,3664710,4dbe1d2ff23e483cf8132c535960ae49c3ba90d251f260a21e6146165bec5dfc,4dbe1d2ff23e483cf8132c535960ae49c3ba90d251f260a21e6146165bec5dfc,False
auxiliary-predictions.zip,outputs/auxiliary_information_20260926/identity_controls/fold0_selected3.npz,1950,067043c912b2d1cc1f6f4c754bbffeed11eedff30d461f4f77d781ed03b46d0d,067043c912b2d1cc1f6f4c754bbffeed11eedff30d461f4f77d781ed03b46d0d,False
auxiliary-predictions.zip,outputs/auxiliary_information_20260926/identity_controls/fold1_all19.npz,2856,1ec9c264f77c55c915be06f1583bb61806d2e224342e555682a982be1998e817,1ec9c264f77c55c915be06f1583bb61806d2e224342e555682a982be1998e817,False
auxiliary-predictions.zip,outputs/auxiliary_information_20260926/identity_controls/fold1_baseline.npz,1671,f88a93cd2c2ba9142e58ed8883e4e893ebffc26f0335cbf83e963e6607929e98,f88a93cd2c2ba9142e58ed8883e4e893ebffc26f0335cbf83e963e6607929e98,False
auxiliary-predictions.zip,outputs/auxiliary_information_20260926/identity_controls/fold1_control_probabilities.npz,4511107,9d858ed38930c9ececc066ef6f215a22c2d827f0641994c114946d7fcf2cee1e,9d858ed38930c9ececc066ef6f215a22c2d827f0641994c114946d7fcf2cee1e,False
auxiliary-predictions.zip,outputs/auxiliary_information_20260926/identity_controls/fold1_selected3.npz,1953,a71a16e0de9eb6da3e29a57f1aa871b3f9ffcdcbd5ee3a1f87355a3e6f8d032b,a71a16e0de9eb6da3e29a57f1aa871b3f9ffcdcbd5ee3a1f87355a3e6f8d032b,False
auxiliary-predictions.zip,outputs/auxiliary_information_20260926/identity_controls/fold2_all19.npz,2981,24bc08525aa9438917abb65dcf0dbfb99469bc8f0d383e6160a6cd3c207f147f,24bc08525aa9438917abb65dcf0dbfb99469bc8f0d383e6160a6cd3c207f147f,False
auxiliary-predictions.zip,outputs/auxiliary_information_20260926/identity_controls/fold2_baseline.npz,1678,626aba1dafeeac07063456712a6c7f06bf67b94fc319303b9e81a5a57c8b7176,626aba1dafeeac07063456712a6c7f06bf67b94fc319303b9e81a5a57c8b7176,False
auxiliary-predictions.zip,outputs/auxiliary_information_20260926/identity_controls/fold2_control_probabilities.npz,4520171,fce6ee5929b573fad311c4fecafe924bb60f9485f5f3ac0f755e643c27b700b4,fce6ee5929b573fad311c4fecafe924bb60f9485f5f3ac0f755e643c27b700b4,False
auxiliary-predictions.zip,outputs/auxiliary_information_20260926/identity_controls/fold2_selected3.npz,1954,9b9917845999718346b35f37bd04e33e0614f637cdf9913d77f3df12a3db24fd,9b9917845999718346b35f37bd04e33e0614f637cdf9913d77f3df12a3db24fd,False
auxiliary-predictions.zip,outputs/auxiliary_information_20260926/identity_controls/fold3_all19.npz,3128,a685b24654723f0114d2d516865fec0ed6cdad107a8a05fdc1ec1c002da8b31a,a685b24654723f0114d2d516865fec0ed6cdad107a8a05fdc1ec1c002da8b31a,False
auxiliary-predictions.zip,outputs/auxiliary_information_20260926/identity_controls/fold3_baseline.npz,1679,33859abc75e7723c9520ccd30457e0e28f825d6ebeabfee398e1563a8b3f8557,33859abc75e7723c9520ccd30457e0e28f825d6ebeabfee398e1563a8b3f8557,False
auxiliary-predictions.zip,outputs/auxiliary_information_20260926/identity_controls/fold3_control_probabilities.npz,3606321,c150cb7fa957cba80401d3a20ce08e1bce33001a74e48b427c53b7897a69d9e8,c150cb7fa957cba80401d3a20ce08e1bce33001a74e48b427c53b7897a69d9e8,False
auxiliary-predictions.zip,outputs/auxiliary_information_20260926/identity_controls/fold3_selected3.npz,1960,76b70eec8c8678432426fcab731f0d0e681b73d5ebeed80bde610904b6ecd1db,76b70eec8c8678432426fcab731f0d0e681b73d5ebeed80bde610904b6ecd1db,False
auxiliary-predictions.zip,outputs/auxiliary_information_20260926/identity_controls/fold4_all19.npz,2941,66ae128d953a9e8218eb34caf04a7eb00f49917af66764d9de27737c41ad3258,66ae128d953a9e8218eb34caf04a7eb00f49917af66764d9de27737c41ad3258,False
auxiliary-predictions.zip,outputs/auxiliary_information_20260926/identity_controls/fold4_baseline.npz,1633,e15338512b4dff66201aebc1d32a42d5d5cdbfd103ec5f1b75355178ea085d40,e15338512b4dff66201aebc1d32a42d5d5cdbfd103ec5f1b75355178ea085d40,False
auxiliary-predictions.zip,outputs/auxiliary_information_20260926/identity_controls/fold4_control_probabilities.npz,4048781,8814f2ec74e40ddcdc8601055b1b38afe18a67bd32c0671cf2650e3926811435,8814f2ec74e40ddcdc8601055b1b38afe18a67bd32c0671cf2650e3926811435,False
auxiliary-predictions.zip,outputs/auxiliary_information_20260926/identity_controls/fold4_selected3.npz,1910,ab9c026afef196918df987f16c1ec71e50341a3af7379cdad19b4449266dc725,ab9c026afef196918df987f16c1ec71e50341a3af7379cdad19b4449266dc725,False
auxiliary-predictions.zip,outputs/auxiliary_information_20260926/identity_controls/metrics.csv,4544,ff9841b0007c80dd4dc7b9ffb6d0e336e3faf00eb73eab41421814b271b40581,ff9841b0007c80dd4dc7b9ffb6d0e336e3faf00eb73eab41421814b271b40581,False
auxiliary-predictions.zip,outputs/auxiliary_information_20260926/identity_controls/paired_contrasts.csv,11501,141d0380b47fc43f827ba28a4605a30fbdcd1916440753ebb515d9b2190cc582,141d0380b47fc43f827ba28a4605a30fbdcd1916440753ebb515d9b2190cc582,False
auxiliary-predictions.zip,outputs/auxiliary_information_20260926/identity_controls/record_scores.npz,3712022,cebbddbfbf3729423cc0cc3110ccc9399255366f14c6eb768cf9949e16818e94,cebbddbfbf3729423cc0cc3110ccc9399255366f14c6eb768cf9949e16818e94,False
auxiliary-predictions.zip,outputs/auxiliary_information_20260926/identity_controls/tuning.csv,1896,f610ce8abd350a70e88e32f715268f8f421361fde8eb8a5827c17e9ba71fb221,f610ce8abd350a70e88e32f715268f8f421361fde8eb8a5827c17e9ba71fb221,False
auxiliary-predictions.zip,outputs/auxiliary_information_20260926/results/fold_scores.csv,87208,6b7a99fddb911f4ce2b084192c9780e5aae0344bd6d2e19647805d10bfd75ef7,6b7a99fddb911f4ce2b084192c9780e5aae0344bd6d2e19647805d10bfd75ef7,False
auxiliary-predictions.zip,outputs/auxiliary_information_20260926/results/heldout_scores.csv.gz,33053826,901fc0836c668d7721bf573e1c2d30be824484895ad04fab10ce9bcdddba6977,901fc0836c668d7721bf573e1c2d30be824484895ad04fab10ce9bcdddba6977,False
auxiliary-predictions.zip,outputs/auxiliary_information_20260926/results/metrics.csv,93192,ec446ea718a9cb1feb81512162e508f182786e7f2e7dc3be276865d286699aba,ec446ea718a9cb1feb81512162e508f182786e7f2e7dc3be276865d286699aba,False
auxiliary-predictions.zip,outputs/auxiliary_information_20260926/results/origin_information_curve.csv,28257,b0f28cd281a0094eef0f0498aea3b7cd7c782dcfaee8582fdf4c04783a3b2aad,b0f28cd281a0094eef0f0498aea3b7cd7c782dcfaee8582fdf4c04783a3b2aad,False
auxiliary-predictions.zip,outputs/auxiliary_information_20260926/results/paired_contrasts.csv,140333,0a6fd9a7a5074b090c0e77abe60fb1f79b0f6ca8db2960e83196dfd2f2689388,0a6fd9a7a5074b090c0e77abe60fb1f79b0f6ca8db2960e83196dfd2f2689388,False
auxiliary-predictions.zip,outputs/auxiliary_information_20260926/results/selected_sets.csv,2987,4f7b0694200fecf06b889c3adb6192c61c69fd2b28963ffd023da6885e865161,4f7b0694200fecf06b889c3adb6192c61c69fd2b28963ffd023da6885e865161,False
auxiliary-predictions.zip,outputs/auxiliary_information_20260926/results/selection_rankings.csv,3685,357e69f8d18d9d4153dd8d07b99289da276cc1b87816a2a64c65c952c0171c89,357e69f8d18d9d4153dd8d07b99289da276cc1b87816a2a64c65c952c0171c89,False
auxiliary-predictions.zip,outputs/auxiliary_information_20260926/results/subgroup_scores.csv,290399,d4d5a5f0445c2814ceff27954fffebac36f0d54059da8003500f2181a26b13ca,d4d5a5f0445c2814ceff27954fffebac36f0d54059da8003500f2181a26b13ca,False
environmental-external.zip,outputs/auxiliary_followup_20260926/washington/L_GU/calibration_bins.csv,6621,39bdbdaae2c1efae7a833bcc11760f803ee144d0c184c836c03491976d5dec75,39bdbdaae2c1efae7a833bcc11760f803ee144d0c184c836c03491976d5dec75,False
environmental-external.zip,outputs/auxiliary_followup_20260926/washington/L_GU/count_frequencies.csv,7132,e5847bbbbdd02d80b78e9404805347eaffa2eb5d318b615d909a3aa9840cb1bb,e5847bbbbdd02d80b78e9404805347eaffa2eb5d318b615d909a3aa9840cb1bb,False
environmental-external.zip,outputs/auxiliary_followup_20260926/washington/L_GU/discrimination.csv,1738,c9150f4a944ae03c0d185df00562b0994230d7c78a5bbe56b1586d8b95fecbfc,c9150f4a944ae03c0d185df00562b0994230d7c78a5bbe56b1586d8b95fecbfc,False
environmental-external.zip,outputs/auxiliary_followup_20260926/washington/L_GU/marginal_rates.csv,6090,3543971f00d3aa8b5b4f8db3a2421de271bdf371e2677a204b44a225216e9ba5,3543971f00d3aa8b5b4f8db3a2421de271bdf371e2677a204b44a225216e9ba5,False
environmental-external.zip,outputs/auxiliary_followup_20260926/washington/L_GU/metrics.csv,16657,39b7a78d4c7523ffb2e55cb2f052273fb790b627eb3b215a52dfc1e15b1acdba,39b7a78d4c7523ffb2e55cb2f052273fb790b627eb3b215a52dfc1e15b1acdba,False
environmental-external.zip,outputs/auxiliary_followup_20260926/washington/L_GU/paired_contrasts.csv,13441,cddd8131b69fecb661617185a5b92d2db2158329cb234ca419409df40f4e6df0,cddd8131b69fecb661617185a5b92d2db2158329cb234ca419409df40f4e6df0,False
environmental-external.zip,outputs/auxiliary_followup_20260926/washington/L_GU/record_scores.npz,46793,ec9e26e043b57e2a33e16967d0603a34f4c541c8ad37ddd8f90e2ff4829b5ab3,ec9e26e043b57e2a33e16967d0603a34f4c541c8ad37ddd8f90e2ff4829b5ab3,False
environmental-external.zip,outputs/auxiliary_followup_20260926/washington/L_GU.npz,196066,568aa93b451d3cb3521d9fe261e8a0e8408236b2543eb0a003f9588aa2f34d9f,568aa93b451d3cb3521d9fe261e8a0e8408236b2543eb0a003f9588aa2f34d9f,False
environmental-external.zip,outputs/auxiliary_followup_20260926/washington/L_GW/calibration_bins.csv,7080,d1bb04ae41d3abf7dddc1e73394cd6e166d365bccdf4f2aef6a2f306deac46f8,d1bb04ae41d3abf7dddc1e73394cd6e166d365bccdf4f2aef6a2f306deac46f8,False
environmental-external.zip,outputs/auxiliary_followup_20260926/washington/L_GW/count_frequencies.csv,7133,3d8dd80b88842150221c1cf628976f5dc1c731c69daa8226da8e0c98fcbfe4fb,3d8dd80b88842150221c1cf628976f5dc1c731c69daa8226da8e0c98fcbfe4fb,False
environmental-external.zip,outputs/auxiliary_followup_20260926/washington/L_GW/discrimination.csv,1733,578076e48a2584b7a8944c7c5a2b083ea6e2870c7f86f0beff2077db1b21b7ca,578076e48a2584b7a8944c7c5a2b083ea6e2870c7f86f0beff2077db1b21b7ca,False
environmental-external.zip,outputs/auxiliary_followup_20260926/washington/L_GW/marginal_rates.csv,6103,ebcf054ee62db16c2d4be48afc07157cddc46ae26cfe1b9cf26415ce092ab1fc,ebcf054ee62db16c2d4be48afc07157cddc46ae26cfe1b9cf26415ce092ab1fc,False
environmental-external.zip,outputs/auxiliary_followup_20260926/washington/L_GW/metrics.csv,16676,b4802418bd1f72076fdadb9f4698394c919ec01075f882d335aebb94041031bb,b4802418bd1f72076fdadb9f4698394c919ec01075f882d335aebb94041031bb,False
environmental-external.zip,outputs/auxiliary_followup_20260926/washington/L_GW/paired_contrasts.csv,13454,6d2167e3bbb51ad70fbf904f7cab185db1121ed5f18060206e6836357a753875,6d2167e3bbb51ad70fbf904f7cab185db1121ed5f18060206e6836357a753875,False
environmental-external.zip,outputs/auxiliary_followup_20260926/washington/L_GW/record_scores.npz,46766,a20bd8ce0f0f8fba078e7dbc0c6473c0dab48a22485638ce54ab04d1d211e3eb,a20bd8ce0f0f8fba078e7dbc0c6473c0dab48a22485638ce54ab04d1d211e3eb,False
environmental-external.zip,outputs/auxiliary_followup_20260926/washington/L_GW.npz,196132,dd46e7676b4f6929441e9e28ca046b135f7f444fa4beaed33ab46515664b810c,dd46e7676b4f6929441e9e28ca046b135f7f444fa4beaed33ab46515664b810c,False
environmental-external.zip,outputs/auxiliary_followup_20260926/washington/L_MX/calibration_bins.csv,7321,8210d2f0f63499a21a9f5a9cfeecc9bbb7b8362b68f3d6375613b87d6389f6b6,8210d2f0f63499a21a9f5a9cfeecc9bbb7b8362b68f3d6375613b87d6389f6b6,False
environmental-external.zip,outputs/auxiliary_followup_20260926/washington/L_MX/count_frequencies.csv,7137,b9eda4034918f333885de6a7ca8e7ed5c955a0610fc8c8de52defc0bb153f27e,b9eda4034918f333885de6a7ca8e7ed5c955a0610fc8c8de52defc0bb153f27e,False
environmental-external.zip,outputs/auxiliary_followup_20260926/washington/L_MX/discrimination.csv,1741,3bed323d54b1c3914e622aa71b6a62587ac3730f446cb03894888fdc8d1235d3,3bed323d54b1c3914e622aa71b6a62587ac3730f446cb03894888fdc8d1235d3,False
environmental-external.zip,outputs/auxiliary_followup_20260926/washington/L_MX/marginal_rates.csv,6109,b25742dda2078f5c532f42f4114610ab87368d71cef1c1f27c11d8174d500b53,b25742dda2078f5c532f42f4114610ab87368d71cef1c1f27c11d8174d500b53,False
environmental-external.zip,outputs/auxiliary_followup_20260926/washington/L_MX/metrics.csv,16652,7555ed8d70501e82de580f34357db4e709110ecb3474140fb4d1beb6c53fd6cd,7555ed8d70501e82de580f34357db4e709110ecb3474140fb4d1beb6c53fd6cd,False
environmental-external.zip,outputs/auxiliary_followup_20260926/washington/L_MX/paired_contrasts.csv,13436,fa4db2cfa1857d471373ae568e23f03d07a5f6dbf46396e5a336f53431b240c0,fa4db2cfa1857d471373ae568e23f03d07a5f6dbf46396e5a336f53431b240c0,False
environmental-external.zip,outputs/auxiliary_followup_20260926/washington/L_MX/record_scores.npz,46784,1a35ed2a8e6ad5d830997cb3d444d40bd599865ad6156f2cbf5a1379ff732f99,1a35ed2a8e6ad5d830997cb3d444d40bd599865ad6156f2cbf5a1379ff732f99,False
environmental-external.zip,outputs/auxiliary_followup_20260926/washington/L_MX.npz,196435,a002607c717859c5dc647bfe7d3ca945c86e29f9aaa60b29adcfd5f6be38c7dc,a002607c717859c5dc647bfe7d3ca945c86e29f9aaa60b29adcfd5f6be38c7dc,False
environmental-external.zip,outputs/auxiliary_followup_20260926/washington/L_SW/calibration_bins.csv,7233,f2ef53879949c603de055747d3f9d7f9b29b77e74011d92b38badd65e9277767,f2ef53879949c603de055747d3f9d7f9b29b77e74011d92b38badd65e9277767,False
environmental-external.zip,outputs/auxiliary_followup_20260926/washington/L_SW/count_frequencies.csv,7130,727e29d071580500faa4915829f8f1b4fa1e32630b7cf4c6d61e402f25c92481,727e29d071580500faa4915829f8f1b4fa1e32630b7cf4c6d61e402f25c92481,False
environmental-external.zip,outputs/auxiliary_followup_20260926/washington/L_SW/discrimination.csv,1737,125811b6b71041edd41b6b25e2dda8a0a3178b7446e44054b3645eaeebc7073b,125811b6b71041edd41b6b25e2dda8a0a3178b7446e44054b3645eaeebc7073b,False
environmental-external.zip,outputs/auxiliary_followup_20260926/washington/L_SW/marginal_rates.csv,6098,fc25454d76a3cbb466ab722415e42ead8c94e2a6cc333d3eb0bd3fec30cd4c5c,fc25454d76a3cbb466ab722415e42ead8c94e2a6cc333d3eb0bd3fec30cd4c5c,False
environmental-external.zip,outputs/auxiliary_followup_20260926/washington/L_SW/metrics.csv,16658,186225ea99a4288e57c035e313c863c477c4ef79777ec2a908c029a13434312a,186225ea99a4288e57c035e313c863c477c4ef79777ec2a908c029a13434312a,False
environmental-external.zip,outputs/auxiliary_followup_20260926/washington/L_SW/paired_contrasts.csv,13434,1365b5f0a82ed702063b8209248cd074fd544b3b3b38e742000f6147e66af9f1,1365b5f0a82ed702063b8209248cd074fd544b3b3b38e742000f6147e66af9f1,False
environmental-external.zip,outputs/auxiliary_followup_20260926/washington/L_SW/record_scores.npz,46800,3dbb16440915b0c4abae8106b45614ade0429f35facea38f4edfef4086836d34,3dbb16440915b0c4abae8106b45614ade0429f35facea38f4edfef4086836d34,False
environmental-external.zip,outputs/auxiliary_followup_20260926/washington/L_SW.npz,196223,504519a427647363bc48ff40e273f0172a80b8a41eba3d30b81a5461e12f25a2,504519a427647363bc48ff40e273f0172a80b8a41eba3d30b81a5461e12f25a2,False
environmental-external.zip,outputs/auxiliary_followup_20260926/washington/S_GU/calibration_bins.csv,6552,f487340527386e718b4489dbcc6853d3d16a9a2390a456a19b65fdd2a837f671,f487340527386e718b4489dbcc6853d3d16a9a2390a456a19b65fdd2a837f671,False
environmental-external.zip,outputs/auxiliary_followup_20260926/washington/S_GU/count_frequencies.csv,7129,7616e7e5914fc44bcbe8cfa32683c435a7758f9edcad05cae94b2cc724317ad5,7616e7e5914fc44bcbe8cfa32683c435a7758f9edcad05cae94b2cc724317ad5,False
environmental-external.zip,outputs/auxiliary_followup_20260926/washington/S_GU/discrimination.csv,1739,64e4013638cfa6c231d8f35fe4c313820ab5e119fb8326f2e51a08d26eb61a0a,64e4013638cfa6c231d8f35fe4c313820ab5e119fb8326f2e51a08d26eb61a0a,False
environmental-external.zip,outputs/auxiliary_followup_20260926/washington/S_GU/marginal_rates.csv,6099,4d3f4edf64f40ee1d476aa1d8be9a47fcb6cdce8577498e58ef00b7710886509,4d3f4edf64f40ee1d476aa1d8be9a47fcb6cdce8577498e58ef00b7710886509,False
environmental-external.zip,outputs/auxiliary_followup_20260926/washington/S_GU/metrics.csv,16679,523bdb45e3b305691d0084af4f3be52c29a3d5a6a67e65d5abcbed87ae332d24,523bdb45e3b305691d0084af4f3be52c29a3d5a6a67e65d5abcbed87ae332d24,False
environmental-external.zip,outputs/auxiliary_followup_20260926/washington/S_GU/paired_contrasts.csv,13450,4a06536aee6ff219509c58da21b9241de44d08f39e5e181d20fcae3bd824a66e,4a06536aee6ff219509c58da21b9241de44d08f39e5e181d20fcae3bd824a66e,False
environmental-external.zip,outputs/auxiliary_followup_20260926/washington/S_GU/record_scores.npz,46765,27e7855598bb775177d4f12e18705ba12985c7a831e4b227e990cedbeb5e971f,27e7855598bb775177d4f12e18705ba12985c7a831e4b227e990cedbeb5e971f,False
environmental-external.zip,outputs/auxiliary_followup_20260926/washington/S_GU.npz,196139,dc61fac15e2fafb05905d897c044843c2f3351fea13e37f66c3258808b2d5b18,dc61fac15e2fafb05905d897c044843c2f3351fea13e37f66c3258808b2d5b18,False
environmental-external.zip,outputs/auxiliary_followup_20260926/washington/S_GW/calibration_bins.csv,6999,4d22b6b081ee211c39425fac5267fc200ffeed548f16fd529c0fa68bdbb6f19f,4d22b6b081ee211c39425fac5267fc200ffeed548f16fd529c0fa68bdbb6f19f,False
environmental-external.zip,outputs/auxiliary_followup_20260926/washington/S_GW/count_frequencies.csv,7140,c5e406140ba9e16df8e3b894ffb9aa6580e4fc86a281f4d144b4e3e883b3ac32,c5e406140ba9e16df8e3b894ffb9aa6580e4fc86a281f4d144b4e3e883b3ac32,False
environmental-external.zip,outputs/auxiliary_followup_20260926/washington/S_GW/discrimination.csv,1739,29b36a93deaf388245d33fd866f6b1fb7f90e6180d44ce676b54661bf977a199,29b36a93deaf388245d33fd866f6b1fb7f90e6180d44ce676b54661bf977a199,False
environmental-external.zip,outputs/auxiliary_followup_20260926/washington/S_GW/marginal_rates.csv,6106,58a607fe98b336ce7b62cbe821fa4c9a74cb1ad7cbb4bcb38f193ef06fd256dd,58a607fe98b336ce7b62cbe821fa4c9a74cb1ad7cbb4bcb38f193ef06fd256dd,False
environmental-external.zip,outputs/auxiliary_followup_20260926/washington/S_GW/metrics.csv,16661,9e722c6c5641bd19a7af8d298ad8af5f5e5a46c18b4a69a3e757f6b7c2279583,9e722c6c5641bd19a7af8d298ad8af5f5e5a46c18b4a69a3e757f6b7c2279583,False
environmental-external.zip,outputs/auxiliary_followup_20260926/washington/S_GW/paired_contrasts.csv,13444,acedda6c7b34d357f88c5969454b6924e3739d11dfed2875619782406af59a48,acedda6c7b34d357f88c5969454b6924e3739d11dfed2875619782406af59a48,False
environmental-external.zip,outputs/auxiliary_followup_20260926/washington/S_GW/record_scores.npz,46764,44c6837eaaea7d4ee35ea65a5bf4f79e1b0dc8ba9e359ccf2bf8e4ed41730bce,44c6837eaaea7d4ee35ea65a5bf4f79e1b0dc8ba9e359ccf2bf8e4ed41730bce,False
environmental-external.zip,outputs/auxiliary_followup_20260926/washington/S_GW.npz,196207,be26fee727b88f10c36a9f0c42983af2c1ba0061133dc5e66ff4f2346df23452,be26fee727b88f10c36a9f0c42983af2c1ba0061133dc5e66ff4f2346df23452,False
environmental-external.zip,outputs/auxiliary_followup_20260926/washington/S_MX/calibration_bins.csv,7595,4d141406ae975e1c6c14117c6c3de2c9e35b7453a2f8511c27204f75746bbe89,4d141406ae975e1c6c14117c6c3de2c9e35b7453a2f8511c27204f75746bbe89,False
environmental-external.zip,outputs/auxiliary_followup_20260926/washington/S_MX/count_frequencies.csv,7137,78fb985cb4496653f2c26badfc6fcc759f94a9161d8abbcffaeb43ae2f706d29,78fb985cb4496653f2c26badfc6fcc759f94a9161d8abbcffaeb43ae2f706d29,False
environmental-external.zip,outputs/auxiliary_followup_20260926/washington/S_MX/discrimination.csv,1740,8c9cf24be12eb05fa9182b0ee7f05caade59f625b45448d9471f7fef4e1a3595,8c9cf24be12eb05fa9182b0ee7f05caade59f625b45448d9471f7fef4e1a3595,False
environmental-external.zip,outputs/auxiliary_followup_20260926/washington/S_MX/marginal_rates.csv,6105,26ee8ae47fa65e432796a5d5072b94136cf1e8226e22b6c9b22d31d12e11476e,26ee8ae47fa65e432796a5d5072b94136cf1e8226e22b6c9b22d31d12e11476e,False
environmental-external.zip,outputs/auxiliary_followup_20260926/washington/S_MX/metrics.csv,16648,b9379e569dab7f96fab36e914417b6986fc86d33c1eadcc882a8f571cf9a4aa3,b9379e569dab7f96fab36e914417b6986fc86d33c1eadcc882a8f571cf9a4aa3,False
environmental-external.zip,outputs/auxiliary_followup_20260926/washington/S_MX/paired_contrasts.csv,13433,ba115abf19b94177b2641577bc90157dd632683d241111c5bc88acc448c7605a,ba115abf19b94177b2641577bc90157dd632683d241111c5bc88acc448c7605a,False
environmental-external.zip,outputs/auxiliary_followup_20260926/washington/S_MX/record_scores.npz,46775,c8d70f875f1bdb1e76fe296c29aa51c74396e9445a050205732b1b831392578f,c8d70f875f1bdb1e76fe296c29aa51c74396e9445a050205732b1b831392578f,False
environmental-external.zip,outputs/auxiliary_followup_20260926/washington/S_MX.npz,196432,7c4f524b23793a537d5c5144346d0d8ea71297406852e52b27bb8bb9555f38da,7c4f524b23793a537d5c5144346d0d8ea71297406852e52b27bb8bb9555f38da,False
environmental-external.zip,outputs/auxiliary_followup_20260926/washington/S_SW/calibration_bins.csv,7543,00e020d218854dabe725f2250ee84d026b372c9e204e39710a1bbada56c4c9b0,00e020d218854dabe725f2250ee84d026b372c9e204e39710a1bbada56c4c9b0,False
environmental-external.zip,outputs/auxiliary_followup_20260926/washington/S_SW/count_frequencies.csv,7146,821e5be9bba93438a4ab1f2fb52dbc88f3517e1d47ef3bfff123931f9ddf2807,821e5be9bba93438a4ab1f2fb52dbc88f3517e1d47ef3bfff123931f9ddf2807,False
environmental-external.zip,outputs/auxiliary_followup_20260926/washington/S_SW/discrimination.csv,1734,90655df30f37f39fbfa0cca8c29c8b61985c9a9709d4cf60006559e1d453e0ce,90655df30f37f39fbfa0cca8c29c8b61985c9a9709d4cf60006559e1d453e0ce,False
environmental-external.zip,outputs/auxiliary_followup_20260926/washington/S_SW/marginal_rates.csv,6115,ba02df8ee16d9235db42e16ebb0e58ff105a0c8cafce54bb0b3613e97542adc9,ba02df8ee16d9235db42e16ebb0e58ff105a0c8cafce54bb0b3613e97542adc9,False
environmental-external.zip,outputs/auxiliary_followup_20260926/washington/S_SW/metrics.csv,16674,7979863389bdc4b69d33e7346fe9d71d5a0266fbfec2ce1c045811620d1e1f87,7979863389bdc4b69d33e7346fe9d71d5a0266fbfec2ce1c045811620d1e1f87,False
environmental-external.zip,outputs/auxiliary_followup_20260926/washington/S_SW/paired_contrasts.csv,13473,fa90855263579c6105bcdb3930a048ce0316e13f1236ccfbce1e7cf801cce4b7,fa90855263579c6105bcdb3930a048ce0316e13f1236ccfbce1e7cf801cce4b7,False
environmental-external.zip,outputs/auxiliary_followup_20260926/washington/S_SW/record_scores.npz,46768,4f4b976a7b89618c2c9e347d4c64796de5bc5fb8cbd2cf84c67f06c68fd0d8fb,4f4b976a7b89618c2c9e347d4c64796de5bc5fb8cbd2cf84c67f06c68fd0d8fb,False
environmental-external.zip,outputs/auxiliary_followup_20260926/washington/S_SW.npz,196321,f9fb1532df0752c0528419eafb644cbcc4222bd673a44ddbcb2ce0e6819df806,f9fb1532df0752c0528419eafb644cbcc4222bd673a44ddbcb2ce0e6819df806,False
environmental-external.zip,outputs/auxiliary_followup_20260926/washington/all_scenario_contrasts.csv,123923,bc051b6d3d90855cbec54b03a902085129b6787e54ac7700fed142263b68022a,bc051b6d3d90855cbec54b03a902085129b6787e54ac7700fed142263b68022a,False
environmental-external.zip,outputs/auxiliary_followup_20260926/washington/all_scenario_metrics.csv,157045,ecd17d8e8db1c3093f87eaf81f8eb15e814b5c787e9ceff035a3954c34472c54,ecd17d8e8db1c3093f87eaf81f8eb15e814b5c787e9ceff035a3954c34472c54,False
environmental-external.zip,outputs/auxiliary_followup_20260926/washington/current_metadata_proxy/calibration_bins.csv,8057,adc044d8aaaf7d7398c991a5e857fab37125beabb0da427fbeeeb326fdfc8fe5,adc044d8aaaf7d7398c991a5e857fab37125beabb0da427fbeeeb326fdfc8fe5,False
environmental-external.zip,outputs/auxiliary_followup_20260926/washington/current_metadata_proxy/count_frequencies.csv,7136,6f0a3741f2ba58116c816a588ad2f6d8c8ca7806665a4c6d064ac0dadc16ea79,6f0a3741f2ba58116c816a588ad2f6d8c8ca7806665a4c6d064ac0dadc16ea79,False
environmental-external.zip,outputs/auxiliary_followup_20260926/washington/current_metadata_proxy/discrimination.csv,1743,9f1dafd42dc657617864c33fdebd5fbc7ca15b0698119f430f28c9a4584a62c7,9f1dafd42dc657617864c33fdebd5fbc7ca15b0698119f430f28c9a4584a62c7,False
environmental-external.zip,outputs/auxiliary_followup_20260926/washington/current_metadata_proxy/marginal_rates.csv,6107,c52000a05a47e3f649345316edad45b25ac55cb85db88ea40e0f59f456b445dc,c52000a05a47e3f649345316edad45b25ac55cb85db88ea40e0f59f456b445dc,False
environmental-external.zip,outputs/auxiliary_followup_20260926/washington/current_metadata_proxy/metrics.csv,16641,5e6da779b9fdfeadd484400251fb400b3275341bb7c6cdc8838a4ce649024b8a,5e6da779b9fdfeadd484400251fb400b3275341bb7c6cdc8838a4ce649024b8a,False
environmental-external.zip,outputs/auxiliary_followup_20260926/washington/current_metadata_proxy/paired_contrasts.csv,13452,0cb287e10fb520b28bcb0e0af63f548399135d9643b5c39e9796923a7d867821,0cb287e10fb520b28bcb0e0af63f548399135d9643b5c39e9796923a7d867821,False
environmental-external.zip,outputs/auxiliary_followup_20260926/washington/current_metadata_proxy/record_scores.npz,49459,6346a5fa1bae236487eca2d140358095ac6539dfa824b2be056c94f1c527bba4,6346a5fa1bae236487eca2d140358095ac6539dfa824b2be056c94f1c527bba4,False
environmental-external.zip,outputs/auxiliary_followup_20260926/washington/current_metadata_proxy.npz,256812,a3cbdbba0f512382b281dd1a5a57389ac87c18c00c4c8c3b91811ea7d9f15277,a3cbdbba0f512382b281dd1a5a57389ac87c18c00c4c8c3b91811ea7d9f15277,False
environmental-external.zip,outputs/auxiliary_followup_20260926/washington/metadata.csv,367531,552e5779fa73f52b656f36a4f49c7bad5b46fb6558099595fb3196c80bf15ce3,552e5779fa73f52b656f36a4f49c7bad5b46fb6558099595fb3196c80bf15ce3,False
environmental-external.zip,outputs/auxiliary_followup_20260926/washington/outcomes.csv,22280,baf5948884830733156dbfefef120390e9b7d6fdead50833552e0645ecac2464,baf5948884830733156dbfefef120390e9b7d6fdead50833552e0645ecac2464,False
environmental-external.zip,outputs/auxiliary_followup_20260926/washington/permitted_inputs.csv,710126,70a605bef89c5b7852b5f0bad1b6a97eb0e2f267ffa0a31ffe4aa90d4e61a50d,70a605bef89c5b7852b5f0bad1b6a97eb0e2f267ffa0a31ffe4aa90d4e61a50d,False
environmental-external.zip,outputs/environmental_reconstruction_20260927/conditional_endpoint_support.csv,437,eade9798cee8619fc4753e557c42b3fec47c9029a371143de95881be539811f5,eade9798cee8619fc4753e557c42b3fec47c9029a371143de95881be539811f5,False
environmental-external.zip,outputs/environmental_reconstruction_20260927/national/chemical_bootstrap_pws.npz,21072304,459eeb67747c5b0bbf7d64cfc83fed178ff9ff5787ef70a55e97d6f820c4409f,459eeb67747c5b0bbf7d64cfc83fed178ff9ff5787ef70a55e97d6f820c4409f,False
environmental-external.zip,outputs/environmental_reconstruction_20260927/national/chemical_paired_contrasts.csv,43174,5ced4d823bce265576e9b11d5be6ce3172d6668017222b57473c8b62ef4fedd9,5ced4d823bce265576e9b11d5be6ce3172d6668017222b57473c8b62ef4fedd9,False
environmental-external.zip,outputs/environmental_reconstruction_20260927/national/chemical_scores.csv,67989,608240f4a361edc227beeb4a6328a74a29e5d6327670be8da6a3839c17fe49f3,608240f4a361edc227beeb4a6328a74a29e5d6327670be8da6a3839c17fe49f3,False
environmental-external.zip,outputs/environmental_reconstruction_20260927/national/metadata.csv.gz,150625,b11cf31daf2c27fedee4b030b56d7c33cc4f5a2bda5e1d6608a6db8d1814a7cd,b11cf31daf2c27fedee4b030b56d7c33cc4f5a2bda5e1d6608a6db8d1814a7cd,False
environmental-external.zip,outputs/environmental_reconstruction_20260927/national/record_summaries.npz,26228551,62303aed7e0bef3231102e9a714ede7bf80600ae14a8b1e11588cb4b26f4c1d5,62303aed7e0bef3231102e9a714ede7bf80600ae14a8b1e11588cb4b26f4c1d5,False
environmental-external.zip,outputs/environmental_reconstruction_20260927/national/source_aligned_scores.csv,4611,96be3bacacaf3287fe67b0c59fdcc6b71188a5d1f1b732b93fdf8705cb1f40e1,96be3bacacaf3287fe67b0c59fdcc6b71188a5d1f1b732b93fdf8705cb1f40e1,False
environmental-external.zip,outputs/environmental_reconstruction_20260927/national/source_analysis_rows.csv.gz,114435,8f307273b0676ecac46c170e0087a5c03d2a0235784e7d86617dc5702d7b5092,8f307273b0676ecac46c170e0087a5c03d2a0235784e7d86617dc5702d7b5092,False
environmental-external.zip,outputs/environmental_reconstruction_20260927/national/source_bootstrap.npz,3567729,4b6b8f0b81216804a953a9071efd5dd22ea4754a8d40d9afb62fb94cce7b9688,4b6b8f0b81216804a953a9071efd5dd22ea4754a8d40d9afb62fb94cce7b9688,False
environmental-external.zip,outputs/environmental_reconstruction_20260927/national/source_rates_and_contrasts.csv,16754,cc872330db7fac3e76de5e46bf9396aaac9e63d8ad22b2cf1ecc307fe075fc10,cc872330db7fac3e76de5e46bf9396aaac9e63d8ad22b2cf1ecc307fe075fc10,False
environmental-external.zip,outputs/environmental_reconstruction_20260927/national/source_reconstruction_errors.csv,31991,1b7a7ab3213fbad75b6a2b6aef7e6361880e87c1937e010a0644b3977c756e33,1b7a7ab3213fbad75b6a2b6aef7e6361880e87c1937e010a0644b3977c756e33,False
environmental-external.zip,outputs/environmental_reconstruction_20260927/national/source_support.csv,3922,f0303abc0252c3a33fc83a77664a1a243e5624885127e17731d335d3d3a74da8,f0303abc0252c3a33fc83a77664a1a243e5624885127e17731d335d3d3a74da8,False
environmental-external.zip,outputs/environmental_reconstruction_20260927/national/source_weight_sensitivities.csv,167767,ef7735bd1bc6a794bebb34638d5a48e1ef5039bd441400e83645abe912c9a15f,ef7735bd1bc6a794bebb34638d5a48e1ef5039bd441400e83645abe912c9a15f,False
environmental-external.zip,outputs/environmental_reconstruction_20260927/national/standardization_weights.csv,1331,19f1fa069d455a2a027312018275f326eac69a1d70ecbbc5e89ea3a53766bf6f,19f1fa069d455a2a027312018275f326eac69a1d70ecbbc5e89ea3a53766bf6f,False
environmental-external.zip,outputs/environmental_reconstruction_20260927/probability_audit.csv,1767,07292b1f90572c990c828a26e33dfdce671bbb96e5e6c14e813e225c7654243a,07292b1f90572c990c828a26e33dfdce671bbb96e5e6c14e813e225c7654243a,False
environmental-external.zip,outputs/environmental_reconstruction_20260927/washington/chemical_bootstrap_county.npz,12811560,6fa7ec555e757fbd055eb4f7964ba9380e50816acbce7437ea0dfe09afa1c5fb,6fa7ec555e757fbd055eb4f7964ba9380e50816acbce7437ea0dfe09afa1c5fb,False
environmental-external.zip,outputs/environmental_reconstruction_20260927/washington/chemical_bootstrap_pws.npz,12587899,230d0f16ddf1de6f1a053b86e5d0139d6de60697e2648de40c3868c89c94c4c3,230d0f16ddf1de6f1a053b86e5d0139d6de60697e2648de40c3868c89c94c4c3,False
environmental-external.zip,outputs/environmental_reconstruction_20260927/washington/chemical_paired_contrasts.csv,44393,b2c72c5eb18c9d6395304c905cd5b08dd9802ddba665e03aedbccc11ee54c4be,b2c72c5eb18c9d6395304c905cd5b08dd9802ddba665e03aedbccc11ee54c4be,False
environmental-external.zip,outputs/environmental_reconstruction_20260927/washington/chemical_scores.csv,85461,189bbf6e678459001cadfe92f589343a842c3613e74158eb1e0a3515d78c6e6b,189bbf6e678459001cadfe92f589343a842c3613e74158eb1e0a3515d78c6e6b,False
environmental-external.zip,outputs/environmental_reconstruction_20260927/washington/metadata.csv.gz,23484,78eba0d24aa7585435bd716522554f97d8ad1bbff679829e7c4d5d53b5c96093,78eba0d24aa7585435bd716522554f97d8ad1bbff679829e7c4d5d53b5c96093,False
environmental-external.zip,outputs/environmental_reconstruction_20260927/washington/record_summaries.npz,1348050,e1708b464be9baba8fc5c14cf354d2a3475fb5169730ced416b112714a3008e9,e1708b464be9baba8fc5c14cf354d2a3475fb5169730ced416b112714a3008e9,False
environmental-external.zip,outputs/environmental_reconstruction_20260927/washington/source_aligned_scores.csv,2840,d23753242598f6482c0a0ec71edf498138e040ab00d13cd947126d588c7ab6e8,d23753242598f6482c0a0ec71edf498138e040ab00d13cd947126d588c7ab6e8,False
environmental-external.zip,outputs/environmental_reconstruction_20260927/washington/source_analysis_rows.csv.gz,20968,281179a8856feb2bb227a76f3eb48a2b7cabac44a8b11f3c57ea3d900c749593,281179a8856feb2bb227a76f3eb48a2b7cabac44a8b11f3c57ea3d900c749593,False
environmental-external.zip,outputs/environmental_reconstruction_20260927/washington/source_bootstrap.npz,2021805,6660b7a58e39df54e88dc3dcfb62a98c1ce793276f0e77595110b0cd0ca1a9d5,6660b7a58e39df54e88dc3dcfb62a98c1ce793276f0e77595110b0cd0ca1a9d5,False
environmental-external.zip,outputs/environmental_reconstruction_20260927/washington/source_rates_and_contrasts.csv,10850,49ef12039e371b56a22120d7960a61f88b19011e36864d03ed184906db51dd25,49ef12039e371b56a22120d7960a61f88b19011e36864d03ed184906db51dd25,False
environmental-external.zip,outputs/environmental_reconstruction_20260927/washington/source_reconstruction_errors.csv,19420,4850ea376e377051ba82d81cfb4c3bbb320e093104e2e6943f3338b1cf226fec,4850ea376e377051ba82d81cfb4c3bbb320e093104e2e6943f3338b1cf226fec,False
environmental-external.zip,outputs/environmental_reconstruction_20260927/washington/source_support.csv,110,1d1521d1de1e4638d791d6966b973773d148808ee7dc5646eae7984f6efb366f,1d1521d1de1e4638d791d6966b973773d148808ee7dc5646eae7984f6efb366f,False
environmental-external.zip,outputs/environmental_reconstruction_20260927/washington/source_weight_sensitivities.csv,7285,03e3b298cc03f9b3449cf8618aef51b60aac7fb2347a71eba7759f5a2e2dc32f,03e3b298cc03f9b3449cf8618aef51b60aac7fb2347a71eba7759f5a2e2dc32f,False
environmental-external.zip,outputs/environmental_reconstruction_20260927/washington/standardization_weights.csv,24,b3cf90e136fbb1256e8bcca8ee14b1363aac216d5d585526e1e4101e447d7ffa,b3cf90e136fbb1256e8bcca8ee14b1363aac216d5d585526e1e4101e447d7ffa,False
environmental-external.zip,outputs/marginal_source_diagnostic_20260927/marginal_diagnostic.csv,1513,52164b7e47dfb46f66a7e5944c33497e89290e9d567a82412c972a88ca3c6d0a,52164b7e47dfb46f66a7e5944c33497e89290e9d567a82412c972a88ca3c6d0a,False
environmental-external.zip,outputs/marginal_source_diagnostic_20260927/national/source_analysis_rows.csv.gz,114435,3d9706a122607e92a245a85b9249f92218021569b9a5ff4c7d652b477c301f2d,3d9706a122607e92a245a85b9249f92218021569b9a5ff4c7d652b477c301f2d,False
environmental-external.zip,outputs/marginal_source_diagnostic_20260927/national/source_bootstrap.npz,8313550,4b4d32f3a23ed62e48061291f5b5a03f5fb42c0a2bf778c827aaed6059af5d6b,4b4d32f3a23ed62e48061291f5b5a03f5fb42c0a2bf778c827aaed6059af5d6b,False
environmental-external.zip,outputs/marginal_source_diagnostic_20260927/national/source_rates_and_contrasts.csv,41528,19902caa540210d9e8cf914dda498ad0031027f3d15ddffa9b2b870749705274,19902caa540210d9e8cf914dda498ad0031027f3d15ddffa9b2b870749705274,False
environmental-external.zip,outputs/marginal_source_diagnostic_20260927/national/source_reconstruction_errors.csv,76217,55adccfe9d4fc1077dc21087dc9aa17b1684f42796bce65fdbee3462a97e1b7f,55adccfe9d4fc1077dc21087dc9aa17b1684f42796bce65fdbee3462a97e1b7f,False
environmental-external.zip,outputs/marginal_source_diagnostic_20260927/national/source_support.csv,2057,7ec871cdbbdf38822c6f4f51e9c0876a19a4dc9c8da20d26fbbf015a9714f267,7ec871cdbbdf38822c6f4f51e9c0876a19a4dc9c8da20d26fbbf015a9714f267,False
environmental-external.zip,outputs/marginal_source_diagnostic_20260927/national/source_weight_sensitivities.csv,417567,d654dd81791930f3335d39762330c8097b00c9046791126cd51ef3e842d49495,d654dd81791930f3335d39762330c8097b00c9046791126cd51ef3e842d49495,False
environmental-external.zip,outputs/marginal_source_diagnostic_20260927/national/standardization_weights.csv,1331,19f1fa069d455a2a027312018275f326eac69a1d70ecbbc5e89ea3a53766bf6f,19f1fa069d455a2a027312018275f326eac69a1d70ecbbc5e89ea3a53766bf6f,False
environmental-external.zip,outputs/wa_external_completion_20260926_r3/figures/origin_a_log_score_decomposition.csv,1344,3e25470f567e39e7077244b32a8356c31d75e8a9fda0458c35ca63ddf03a1762,3e25470f567e39e7077244b32a8356c31d75e8a9fda0458c35ca63ddf03a1762,False
environmental-external.zip,outputs/wa_external_completion_20260926_r3/figures/origin_b_strong_baseline_comparison.csv,2077,901988f6b2e3a8e75afef486280018cc153fbb127c0863a342476a2f2c167454,901988f6b2e3a8e75afef486280018cc153fbb127c0863a342476a2f2c167454,False
environmental-external.zip,outputs/wa_external_completion_20260926_r3/results/all_baseline_contrasts.csv,11312,1ed235901f8fd7a5fa8d9b69492d604ebd23aa4f25051873a7195f4faf193387,1ed235901f8fd7a5fa8d9b69492d604ebd23aa4f25051873a7195f4faf193387,False
environmental-external.zip,outputs/wa_external_completion_20260926_r3/results/category_envelope.csv,3595,b94f2d7c06541e030950e457551e5c8b73b5394b2a7a6dc60b6c74af76b5361c,b94f2d7c06541e030950e457551e5c8b73b5394b2a7a6dc60b6c74af76b5361c,False
environmental-external.zip,outputs/wa_external_completion_20260926_r3/results/count_probabilities_L_GU.npz,456314,4e00b97caf99dfede414e842ea34226c278c82b8be2bb820876ecfc259138806,4e00b97caf99dfede414e842ea34226c278c82b8be2bb820876ecfc259138806,False
environmental-external.zip,outputs/wa_external_completion_20260926_r3/results/count_probabilities_L_GW.npz,456270,d76258077256d283816bcf3fd2a363877b11dcd73a4c0cef672295f17705e69b,d76258077256d283816bcf3fd2a363877b11dcd73a4c0cef672295f17705e69b,False
environmental-external.zip,outputs/wa_external_completion_20260926_r3/results/count_probabilities_L_MX.npz,456652,d4c9e0d01e715f402682a97a972d92a25efd370fa3c4b0e63f2262e203c4f30b,d4c9e0d01e715f402682a97a972d92a25efd370fa3c4b0e63f2262e203c4f30b,False
environmental-external.zip,outputs/wa_external_completion_20260926_r3/results/count_probabilities_L_SW.npz,456779,84c5357ff7c7f425281f8329a966edff534abc9b7574bbf1317a625f5f41c28d,84c5357ff7c7f425281f8329a966edff534abc9b7574bbf1317a625f5f41c28d,False
environmental-external.zip,outputs/wa_external_completion_20260926_r3/results/count_probabilities_S_GU.npz,456292,0ab318af6268ac576a2a7fe61e9d4f5629fac098e23272577bc45b425014f7d1,0ab318af6268ac576a2a7fe61e9d4f5629fac098e23272577bc45b425014f7d1,False
environmental-external.zip,outputs/wa_external_completion_20260926_r3/results/count_probabilities_S_GW.npz,456563,f69bbcea7f3d0df9b7fe6d3e7ca2a93d85fe4fc446aa252b186f20d0e0a43c34,f69bbcea7f3d0df9b7fe6d3e7ca2a93d85fe4fc446aa252b186f20d0e0a43c34,False
environmental-external.zip,outputs/wa_external_completion_20260926_r3/results/count_probabilities_S_MX.npz,456528,53a737470376d0fe937803b78199e19e09105ecb1eb4e75fec35993d462c9d76,53a737470376d0fe937803b78199e19e09105ecb1eb4e75fec35993d462c9d76,False
environmental-external.zip,outputs/wa_external_completion_20260926_r3/results/count_probabilities_S_SW.npz,456480,422e6874d72e195faa6ee154ccc8d5f008c79154d8dbef7725e354709f5c8ebc,422e6874d72e195faa6ee154ccc8d5f008c79154d8dbef7725e354709f5c8ebc,False
environmental-external.zip,outputs/wa_external_completion_20260926_r3/results/count_probabilities_current_metadata_proxy.npz,772348,0f42bad5a609892e15d36a28aada6fe8edcfdff0be9926605028c93d1ba67230,0f42bad5a609892e15d36a28aada6fe8edcfdff0be9926605028c93d1ba67230,False
environmental-external.zip,outputs/wa_external_completion_20260926_r3/results/count_stratum_contributions.csv,3697,fa2514a6a1ee6e5ed1921413bb58504606a89c6fe35b0fc36437315d3924c549,fa2514a6a1ee6e5ed1921413bb58504606a89c6fe35b0fc36437315d3924c549,False
environmental-external.zip,outputs/wa_external_completion_20260926_r3/results/leave_one_group_out.csv,68752,7c0d16947427a659eda22a4743ca2a7712f88d830cb80e6522aad689ca048617,7c0d16947427a659eda22a4743ca2a7712f88d830cb80e6522aad689ca048617,False
environmental-external.zip,outputs/wa_external_completion_20260926_r3/results/model_metrics.csv,181796,8421b34370c18a7df407d8df59325a2abb699cae0fb0866d802bf00a262a4053,8421b34370c18a7df407d8df59325a2abb699cae0fb0866d802bf00a262a4053,False
environmental-external.zip,outputs/wa_external_completion_20260926_r3/results/paired_bootstrap_draws.npz,1011711,a65cf63ea8164b98a3ec19c23212f064a4bf11e9a461ddc45ffa6ff3060388be,a65cf63ea8164b98a3ec19c23212f064a4bf11e9a461ddc45ffa6ff3060388be,False
environmental-external.zip,outputs/wa_external_completion_20260926_r3/results/primary_paired_intervals.csv,13372,a22195d773d6e4979e5304243964347ac45ed86f98558ac74fc731888c73f25c,a22195d773d6e4979e5304243964347ac45ed86f98558ac74fc731888c73f25c,False
environmental-external.zip,outputs/wa_external_completion_20260926_r3/results/probability_audit.csv,11862,e0b8081530d95117356bddf5925a0ff51c0d7134edff536a74e970e25626c10d,e0b8081530d95117356bddf5925a0ff51c0d7134edff536a74e970e25626c10d,False
environmental-external.zip,outputs/wa_external_completion_20260926_r3/results/projection_audit.csv,8699,bc16f307556ab4c80f6b65961c8a968be1109d53067caa77df488b5a72b0e3ef,bc16f307556ab4c80f6b65961c8a968be1109d53067caa77df488b5a72b0e3ef,False
environmental-external.zip,outputs/wa_external_completion_20260926_r3/results/proxy_record_scores.csv.gz,2806046,9aa7348e74258cb697ee9c553829adda2410d34a1437b115cc749388ba36556c,9aa7348e74258cb697ee9c553829adda2410d34a1437b115cc749388ba36556c,False
environmental-external.zip,outputs/wa_external_completion_20260926_r3/results/subgroup_intervals.csv,99274,74c0166d75d6bdc6d7043f999d5fc132169bc79cfae5ce2e7ca5c0b9366d9c02,74c0166d75d6bdc6d7043f999d5fc132169bc79cfae5ce2e7ca5c0b9366d9c02,False
environmental-external.zip,outputs/wa_external_completion_20260926_r3/results/system_influence.csv,2030409,5c70d9735337199c54778521ba461094b1afe7fb749c5b286e9bc639e14e5e54,5c70d9735337199c54778521ba461094b1afe7fb749c5b286e9bc639e14e5e54,False
environmental-external.zip,outputs/wa_external_completion_20260926_r3/results/threshold_metrics.csv,777414,622fb67d341f81e152011920a8f52603a7cab6136ccc1d6667acbe691c21885f,622fb67d341f81e152011920a8f52603a7cab6136ccc1d6667acbe691c21885f,False
environmental-external.zip,outputs/wa_external_completion_20260926_r3/results/transported_composition_probabilities.npz,735575,409a21c9fc7cd09f19c2c0bd0e03ed918a1141c7e6d944aecb6674054bba8b5a,409a21c9fc7cd09f19c2c0bd0e03ed918a1141c7e6d944aecb6674054bba8b5a,False
environmental-external.zip,outputs/wa_external_scoring_20260926_r2/inputs/evaluation_metadata.csv,337049,5041df92c24e4c1147c71ec7304d2baf4240886958d4dab8bd018ddc126d919c,5041df92c24e4c1147c71ec7304d2baf4240886958d4dab8bd018ddc126d919c,False
environmental-external.zip,outputs/wa_external_scoring_20260926_r2/inputs/gaussian_decision.json,13274,1e7c96e4cd4750486e6711891190d218054d446dda5f33a5076040d70667ed03,1e7c96e4cd4750486e6711891190d218054d446dda5f33a5076040d70667ed03,False
environmental-external.zip,outputs/wa_external_scoring_20260926_r2/inputs/permitted_inputs.csv,705660,826a52d4858e45716a5b1c3e418cd3f36014fee4a35dede3981bdcae6a1bd5e7,826a52d4858e45716a5b1c3e418cd3f36014fee4a35dede3981bdcae6a1bd5e7,False
environmental-external.zip,outputs/wa_external_scoring_20260926_r2/inputs/replay_cohort.csv,27032,19b030d108484d49add7b4cb27196d48aaa91bf5a9ceb3382eaa4a9170c5694e,19b030d108484d49add7b4cb27196d48aaa91bf5a9ceb3382eaa4a9170c5694e,False
environmental-external.zip,outputs/wa_external_scoring_20260926_r2/inputs/replay_gaussian_losses.csv,181956,6361004337e3777a30cea4cd964854fcbf071cdc7941488a3f43d0779713b113,6361004337e3777a30cea4cd964854fcbf071cdc7941488a3f43d0779713b113,False
environmental-external.zip,outputs/wa_external_scoring_20260926_r2/inputs/replay_joint_losses.csv,519936,3e99ebc497f04bd5a381b8a71b4b5a55a4fcd06cb07babdea6c7b7d341611555,3e99ebc497f04bd5a381b8a71b4b5a55a4fcd06cb07babdea6c7b7d341611555,False
environmental-external.zip,outputs/wa_external_scoring_20260926_r2/inputs/replay_predictions.csv,73230,cdea92ab70411bb6d092bd1a27bd92aaea35496a96fd68c3d9a25d734654af5d,cdea92ab70411bb6d092bd1a27bd92aaea35496a96fd68c3d9a25d734654af5d,False
environmental-external.zip,outputs/wa_external_scoring_20260926_r2/inputs/shared_decision.json,31742,b1b03f57f057d1786ec846c8ae3db27dfa39068a47695380983fe5e37beaf9bf,b1b03f57f057d1786ec846c8ae3db27dfa39068a47695380983fe5e37beaf9bf,False
environmental-external.zip,outputs/wa_external_scoring_20260926_r2/inputs/withheld_outcomes.csv,179776,337f3757f31d1936af49d7e97d038f92d6c0b49d868683663acf61ef71489815,337f3757f31d1936af49d7e97d038f92d6c0b49d868683663acf61ef71489815,False
environmental-external.zip,outputs/wa_external_scoring_20260926_r2/results/all_64_pattern_frequencies.csv,2474528,3c42df4d09b636f08e1f8e95f7bb05d099cb352ca61f406ce883868533c50337,3c42df4d09b636f08e1f8e95f7bb05d099cb352ca61f406ce883868533c50337,False
environmental-external.zip,outputs/wa_external_scoring_20260926_r2/results/all_count_frequencies.csv,209556,e4ef816dac5cc41e619b6a5dad2bc5628a15e89218ecff63cc818c7e14aa6985,e4ef816dac5cc41e619b6a5dad2bc5628a15e89218ecff63cc818c7e14aa6985,False
environmental-external.zip,outputs/wa_external_scoring_20260926_r2/results/category_uncertainty_envelope.csv,1269,9473a0380c33818d2c06435ea2f4d7a52f9ce45cc02fc3e0df8a43fff343a5c6,9473a0380c33818d2c06435ea2f4d7a52f9ce45cc02fc3e0df8a43fff343a5c6,False
environmental-external.zip,outputs/wa_external_scoring_20260926_r2/results/distribution_coherence_audit.csv,41330,60e3d04bc10132ea36c0e684d7c2da994ed3fecb00c7206ff251a85c9a97893a,60e3d04bc10132ea36c0e684d7c2da994ed3fecb00c7206ff251a85c9a97893a,False
environmental-external.zip,outputs/wa_external_scoring_20260926_r2/results/distribution_predictions.csv.gz,982541,5560cab95bfd3343b6d86ceeeb4329de24acf3fa330d4e0f7c27b7e74f89d055,5560cab95bfd3343b6d86ceeeb4329de24acf3fa330d4e0f7c27b7e74f89d055,False
environmental-external.zip,outputs/wa_external_scoring_20260926_r2/results/losses_L_GU_conditional_gaussian_factor2.csv.gz,526421,1a0cb5b251639338b88b78c73480330a3d44230141a27f3633cd03f90a893a5e,1a0cb5b251639338b88b78c73480330a3d44230141a27f3633cd03f90a893a5e,False
environmental-external.zip,outputs/wa_external_scoring_20260926_r2/results/losses_L_GU_conditional_shared_shock.csv.gz,527253,bc4703f3034b0397b36d0d4a8b1cd4779c4c108e887ae42982489739446e898a,bc4703f3034b0397b36d0d4a8b1cd4779c4c108e887ae42982489739446e898a,False
environmental-external.zip,outputs/wa_external_scoring_20260926_r2/results/losses_L_GU_factorized.csv.gz,514479,c25a37bb932c4b37a4af4130e23218480da6300db15173dca577a9fe100ca29e,c25a37bb932c4b37a4af4130e23218480da6300db15173dca577a9fe100ca29e,False
environmental-external.zip,outputs/wa_external_scoring_20260926_r2/results/losses_L_GW_conditional_gaussian_factor2.csv.gz,526170,2441cc3a1d7a150a6a4d295568adba3691d3845f70087f13c191e4438ab76d2d,2441cc3a1d7a150a6a4d295568adba3691d3845f70087f13c191e4438ab76d2d,False
environmental-external.zip,outputs/wa_external_scoring_20260926_r2/results/losses_L_GW_conditional_shared_shock.csv.gz,528027,9994b45f64a43078d40bcec05d93b11db30f0969c7c2cdd55a5febf2f3dd42e2,9994b45f64a43078d40bcec05d93b11db30f0969c7c2cdd55a5febf2f3dd42e2,False
environmental-external.zip,outputs/wa_external_scoring_20260926_r2/results/losses_L_GW_factorized.csv.gz,514815,651a2e780854da8bf1d4f0a02982350503b32aec9953694c4d816e6012f0191b,651a2e780854da8bf1d4f0a02982350503b32aec9953694c4d816e6012f0191b,False
environmental-external.zip,outputs/wa_external_scoring_20260926_r2/results/losses_L_MX_conditional_gaussian_factor2.csv.gz,526827,a129abca12d5a05190c58fcc823939f7ea3a1ebb54624e61014ae11fdef13387,a129abca12d5a05190c58fcc823939f7ea3a1ebb54624e61014ae11fdef13387,False
environmental-external.zip,outputs/wa_external_scoring_20260926_r2/results/losses_L_MX_conditional_shared_shock.csv.gz,527832,58bebf109b5d9793a48ede239bd2d727a64c56fa1bf5784d6cf13b50bca472aa,58bebf109b5d9793a48ede239bd2d727a64c56fa1bf5784d6cf13b50bca472aa,False
environmental-external.zip,outputs/wa_external_scoring_20260926_r2/results/losses_L_MX_factorized.csv.gz,514810,53b7f1f35002add6de14371c3f63de2a31dc67a20c9d2d39ce2e54adfb640a68,53b7f1f35002add6de14371c3f63de2a31dc67a20c9d2d39ce2e54adfb640a68,False
environmental-external.zip,outputs/wa_external_scoring_20260926_r2/results/losses_L_SW_conditional_gaussian_factor2.csv.gz,526932,4d0c4ee4d940c658277371d82b8e13f6aeb631552bc50357d2333c29506d2607,4d0c4ee4d940c658277371d82b8e13f6aeb631552bc50357d2333c29506d2607,False
environmental-external.zip,outputs/wa_external_scoring_20260926_r2/results/losses_L_SW_conditional_shared_shock.csv.gz,527994,07d2350f92116c03445a13e7255de7f243f68cc57c5185bfc6a7f3cead404d1a,07d2350f92116c03445a13e7255de7f243f68cc57c5185bfc6a7f3cead404d1a,False
environmental-external.zip,outputs/wa_external_scoring_20260926_r2/results/losses_L_SW_factorized.csv.gz,515315,6f3caa96a8547b5b3698865534c8c3fd8ea0392b2f183bbf753d86ddc0f63799,6f3caa96a8547b5b3698865534c8c3fd8ea0392b2f183bbf753d86ddc0f63799,False
environmental-external.zip,outputs/wa_external_scoring_20260926_r2/results/losses_S_GU_conditional_gaussian_factor2.csv.gz,526428,7dfea0cd86d7866ddafc8ecb9ef210e154ca50d5592c74dbaeeb6c0b62f1dbd3,7dfea0cd86d7866ddafc8ecb9ef210e154ca50d5592c74dbaeeb6c0b62f1dbd3,False
environmental-external.zip,outputs/wa_external_scoring_20260926_r2/results/losses_S_GU_conditional_shared_shock.csv.gz,526774,697f61c04adf449a4fc04b40e92464d6283a345127ec79edf9351caff1711914,697f61c04adf449a4fc04b40e92464d6283a345127ec79edf9351caff1711914,False
environmental-external.zip,outputs/wa_external_scoring_20260926_r2/results/losses_S_GU_factorized.csv.gz,514463,e28a6f710ea2d1ed7c752f739385cda5bf23578f011ebbd3a7e8e8d514528b17,e28a6f710ea2d1ed7c752f739385cda5bf23578f011ebbd3a7e8e8d514528b17,False
environmental-external.zip,outputs/wa_external_scoring_20260926_r2/results/losses_S_GW_conditional_gaussian_factor2.csv.gz,526914,97cb58bb88643117d67711a0c9fd4910bda10d142568fde5769d476bb3ab8866,97cb58bb88643117d67711a0c9fd4910bda10d142568fde5769d476bb3ab8866,False
environmental-external.zip,outputs/wa_external_scoring_20260926_r2/results/losses_S_GW_conditional_shared_shock.csv.gz,528002,a4dc05547f015bc53f172a495a79750089a5804c6131ef1af3680a48562976ad,a4dc05547f015bc53f172a495a79750089a5804c6131ef1af3680a48562976ad,False
environmental-external.zip,outputs/wa_external_scoring_20260926_r2/results/losses_S_GW_factorized.csv.gz,514659,cfbc5379d9a75189d54d0449cf636917484484c5baf11d129728fdb047f88a01,cfbc5379d9a75189d54d0449cf636917484484c5baf11d129728fdb047f88a01,False
environmental-external.zip,outputs/wa_external_scoring_20260926_r2/results/losses_S_MX_conditional_gaussian_factor2.csv.gz,526733,e97b85131048a1c105e1e9ae185ab53751c74a4421d034714b3871facc661f9d,e97b85131048a1c105e1e9ae185ab53751c74a4421d034714b3871facc661f9d,False
environmental-external.zip,outputs/wa_external_scoring_20260926_r2/results/losses_S_MX_conditional_shared_shock.csv.gz,527626,ebbf1f24bc265ffcb136f7e834634d07e6316a17f763233225306e462f025801,ebbf1f24bc265ffcb136f7e834634d07e6316a17f763233225306e462f025801,False
environmental-external.zip,outputs/wa_external_scoring_20260926_r2/results/losses_S_MX_factorized.csv.gz,514334,52f168df6300481de30615ccee5016ac45589afda856cbced5ec7ab759dac455,52f168df6300481de30615ccee5016ac45589afda856cbced5ec7ab759dac455,False
environmental-external.zip,outputs/wa_external_scoring_20260926_r2/results/losses_S_SW_conditional_gaussian_factor2.csv.gz,526826,764d9673bae41cd4af7e01809426127835e5590f60c383643f7a252dc0e7f8d5,764d9673bae41cd4af7e01809426127835e5590f60c383643f7a252dc0e7f8d5,False
environmental-external.zip,outputs/wa_external_scoring_20260926_r2/results/losses_S_SW_conditional_shared_shock.csv.gz,527354,db2d75d2fede4e1e6786c15339d520439956926c9ca1d6161f0c7ab3b1ad419c,db2d75d2fede4e1e6786c15339d520439956926c9ca1d6161f0c7ab3b1ad419c,False
environmental-external.zip,outputs/wa_external_scoring_20260926_r2/results/losses_S_SW_factorized.csv.gz,515191,279998d236ccc67ed71d8cb0b08f408c43405c55f7d94cf4c9cd7b7281b8f56e,279998d236ccc67ed71d8cb0b08f408c43405c55f7d94cf4c9cd7b7281b8f56e,False
environmental-external.zip,outputs/wa_external_scoring_20260926_r2/results/losses_current_metadata_proxy_conditional_gaussian_factor2.csv.gz,542983,07d476cee02f4b5bb82c5d507ef490915aabac54e00f098a450655689e309290,07d476cee02f4b5bb82c5d507ef490915aabac54e00f098a450655689e309290,False
environmental-external.zip,outputs/wa_external_scoring_20260926_r2/results/losses_current_metadata_proxy_conditional_shared_shock.csv.gz,544486,f028e4498e0707d275c0a6113e6f0ec1cbb657e5c8bc5cb9c0712aa16fbad243,f028e4498e0707d275c0a6113e6f0ec1cbb657e5c8bc5cb9c0712aa16fbad243,False
environmental-external.zip,outputs/wa_external_scoring_20260926_r2/results/losses_current_metadata_proxy_factorized.csv.gz,531732,70919e1597a2a8c366e06aba900fb9eb6c153c2fa8f0b08f4b70847d14ea312c,70919e1597a2a8c366e06aba900fb9eb6c153c2fa8f0b08f4b70847d14ea312c,False
environmental-external.zip,outputs/wa_external_scoring_20260926_r2/results/marginal_calibration.csv,210155,94fe3100a8ae30e2b96a27d0e13d2159206e0a0a713a3012f5b75cbf0826da5d,94fe3100a8ae30e2b96a27d0e13d2159206e0a0a713a3012f5b75cbf0826da5d,False
environmental-external.zip,outputs/wa_external_scoring_20260926_r2/results/metrics_by_threshold.csv,105593,ca96e568961626ea2a43171ef0d3fa90e7915a7d8c75fa23ba73557e869b2ea3,ca96e568961626ea2a43171ef0d3fa90e7915a7d8c75fa23ba73557e869b2ea3,False
environmental-external.zip,outputs/wa_external_scoring_20260926_r2/results/primary_16query_metrics.csv,7501,51ab090111dbfb0254abb8cfbf4b45e48cbdff5a09d755d24599d52352624a12,51ab090111dbfb0254abb8cfbf4b45e48cbdff5a09d755d24599d52352624a12,False
environmental-external.zip,outputs/wa_external_scoring_20260926_r2/results/probabilities_L_GU.npz,1568274,32c2dadfe1564a43317140c2c3c624a1e16e0e7c2e6d782d60947c399974bdfc,32c2dadfe1564a43317140c2c3c624a1e16e0e7c2e6d782d60947c399974bdfc,False
environmental-external.zip,outputs/wa_external_scoring_20260926_r2/results/probabilities_L_GW.npz,1588445,5bc967878f97e004e32061e48c6db6b9a4a1c0d35faba4240d93375a00ee06c4,5bc967878f97e004e32061e48c6db6b9a4a1c0d35faba4240d93375a00ee06c4,False
environmental-external.zip,outputs/wa_external_scoring_20260926_r2/results/probabilities_L_MX.npz,1570599,75789aaf50830a2890a3d7df0649fea28b6dad5e2079d0d68ef19bf5648c3e3c,75789aaf50830a2890a3d7df0649fea28b6dad5e2079d0d68ef19bf5648c3e3c,False
environmental-external.zip,outputs/wa_external_scoring_20260926_r2/results/probabilities_L_SW.npz,1544386,4da27c60c0dd981adc5a313c555ffe93f7d803aa891ff7d1c108203833c7cc1a,4da27c60c0dd981adc5a313c555ffe93f7d803aa891ff7d1c108203833c7cc1a,False
environmental-external.zip,outputs/wa_external_scoring_20260926_r2/results/probabilities_S_GU.npz,1552690,a9e98b3d17736613e7aef3f8f80f156c88b72272804a6c12a3f8f8ad9f20853e,a9e98b3d17736613e7aef3f8f80f156c88b72272804a6c12a3f8f8ad9f20853e,False
environmental-external.zip,outputs/wa_external_scoring_20260926_r2/results/probabilities_S_GW.npz,1613926,39b7ea20dd675d204e7453f988a9401ae30e99dafc1044ea3f7a21bae2eece89,39b7ea20dd675d204e7453f988a9401ae30e99dafc1044ea3f7a21bae2eece89,False
environmental-external.zip,outputs/wa_external_scoring_20260926_r2/results/probabilities_S_MX.npz,1588454,2ab9f6f3886dfd98521800b9d54bfbf084373316d372b325352b1cc2a90d0a4a,2ab9f6f3886dfd98521800b9d54bfbf084373316d372b325352b1cc2a90d0a4a,False
environmental-external.zip,outputs/wa_external_scoring_20260926_r2/results/probabilities_S_SW.npz,1547473,6b8ce1f07e2c942e5044d065f44215913b2e40949c148248be619254e288da6e,6b8ce1f07e2c942e5044d065f44215913b2e40949c148248be619254e288da6e,False
environmental-external.zip,outputs/wa_external_scoring_20260926_r2/results/probabilities_current_metadata_proxy.npz,2637748,1f4b9221eb09ae183632b7a3a066a8802a0b707107c37102dcf9723d1b3cd986,1f4b9221eb09ae183632b7a3a066a8802a0b707107c37102dcf9723d1b3cd986,False
environmental-external.zip,outputs/wa_external_scoring_20260926_r2/results/proxy_paired_PWS_cluster_intervals.csv,1090,1f26bb5da12b5ef20825d3a9513a607874dd9f8557ba49db0285c142ee22822d,1f26bb5da12b5ef20825d3a9513a607874dd9f8557ba49db0285c142ee22822d,False
environmental-external.zip,outputs/wa_external_scoring_20260926_r2/results/record_equal_gain_by_count.csv,10155,0e845a60af4fe66103a6721769c2ff15f9e3757e58562c590beca1f6799c79ed,0e845a60af4fe66103a6721769c2ff15f9e3757e58562c590beca1f6799c79ed,False
environmental-external.zip,outputs/wa_external_validation_20260926/all_64_pattern_frequencies.csv,1783,e08aa49c1bbc40093ea7d5c9a7c944ac857662c30909bcd0038fe938e714df27,7cd3f6fcae776428531331c88c5900b97c0c370b69cf6a3b2ae19fc9102d1c32,True
environmental-external.zip,outputs/wa_external_validation_20260926/complete_pattern_transitions.csv,1190,894a8dbd2da82ec6a27604412789a402029ca80e3c6e563c2d0c2996c6298331,177132f0b36d4f42bd580687a5b8822f1208173d5974a8955be6fabb8135bdf3,True
environmental-external.zip,outputs/wa_external_validation_20260926/count_transition_7x7.csv,331,001c2a93254094ec6cbb873db9ccaaf711e9857d7cd0207ee1bec8cd03af3a77,d8ea698e3ff7878f084711792edd9a5dd8c7434afa3c7edaeaa63bf5f08fd139,True
environmental-external.zip,outputs/wa_external_validation_20260926/descriptive_scope_summary.csv,548,54a4e466fc21ca8d9f44666d564a923be9b0ad22f478b6b3bdde9acc1b7a9ff7,1dacf33eb7e61c0443351ebdae701ddeaad2911a6ea94dd728c47c493429fb59,True
environmental-external.zip,outputs/wa_external_validation_20260926/descriptive_strata.csv,4315,c12886c0cb7076b0c2fe7e3b8516b0ce713939734c92d293037fcb76fbe60dfb,e817f25a1390839ce9de5b52ebe96f06a4ca1850a35ad42192766a27469c2cd8,True
environmental-external.zip,outputs/wa_external_validation_20260926/event_eligibility.csv,6635812,8a99857498268d8ff9bd358affaa291f267cee2c72bfe942e96fcc84c76b0b7f,b6c7a2eb4de850731e39e324a318c13e178a17e244816d14b144498f17ce63ed,True
environmental-external.zip,outputs/wa_external_validation_20260926/figures/origin_b_transition.csv,70,983f151139b248e29b67ae01116c37e832d2d4c97dec346c94e94c77a5fd85e5,ff526e58f16ae5ad5c0e9b759bfe066448dbeb3f9c81ec8860b1a8b7584791fa,True
environmental-external.zip,outputs/wa_external_validation_20260926/model_input_feasibility.csv,298600,1feaee051f466e234ac7d75b1f91641746a6ce8e4f6bdc15ad01e2d8fc9861d3,71ab4f1262c1e6a14fb61c73fc1992a4ea504d8db4ab7fe414ef9664b510347d,True
environmental-external.zip,outputs/wa_external_validation_20260926/normalized_name_identity_audit.csv,2096,d368321b892f2cc492de452d20fbc8e43de6294eafd0e512b15e6cabf9a1f547,50055fd89c1e48b59e168b58533054d4f0818d6ac847a8754f19a7e7240d53a2,True
environmental-external.zip,outputs/wa_external_validation_20260926/one_per_system_sensitivity.csv,261,67db97637731d95ea10f124ad530e214946207ce856262ec9699c8c8a68d42c6,ea7e5659f1210ec5a877eeba11fc780e1adc183072658b8761d3721d1d67e11b,True
environmental-external.zip,outputs/wa_external_validation_20260926/predictor_crosswalk_diagnostic.csv,100250,66886c85761cfb3f9373f1af776d23a4bc84a1add1b695a65b1c9bbc26fd8ded,6f79180f363d24bbff042471bfda85d10200a43a193fc2457ebf4dbad8b6ecd5,True
environmental-external.zip,outputs/wa_external_validation_20260926/prior_external_WA_site_date_inventory.csv,8417,f08114e2bf80209ab55a6da7a00cd59611252a9d9ae3a250e45e7f1e39f6be6f,b7e982b667a3d1575027c3a0906171768626059a4de368b56efc0791dfd9048e,True
environmental-external.zip,outputs/wa_external_validation_20260926/prior_external_date_only_flags.csv,9681,7e77b9ca94258d555246ef40eb30d378d7db8c9c2b79956ed9c159d82867902c,639885f8ec08f8140c2b272d15023013259eee7f73c87d07ad1071a8fa099f16,True
environmental-external.zip,outputs/wa_external_validation_20260926/reconstructed_fold4/macro_distribution_metrics.csv,398,637b559dbbb003549df1d77b781dbb028f33da5565957acc01014ab56887f00a,637b559dbbb003549df1d77b781dbb028f33da5565957acc01014ab56887f00a,False
environmental-external.zip,outputs/wa_external_validation_20260926/reconstructed_fold4/out_of_fold_distribution_predictions.csv.gz,486828,3aa069310ba922a788e011f3f9cb1a7e435c930a24b11a89b4ce105c21a052f1,3aa069310ba922a788e011f3f9cb1a7e435c930a24b11a89b4ce105c21a052f1,False
environmental-external.zip,outputs/wa_external_validation_20260926/reconstructed_fold4/per_analyte_distribution_metrics.csv,1544,c7051ef3d1ebaec4d7c8d24295c22ca4fe93a9810c035fe3fd2b7e87b44c45a7,c7051ef3d1ebaec4d7c8d24295c22ca4fe93a9810c035fe3fd2b7e87b44c45a7,False
environmental-external.zip,outputs/wa_external_validation_20260926/reported_count_distributions.csv,325,142162a23e4f14354cd2e6cf977a2a685d82e7cf85145a57b36731dbfaf4d212,fb1d6c03f2f3a260f402447e32f2269b52cff56f1437170d7ac688d7a2729e49,True
environmental-external.zip,outputs/wa_external_validation_20260926/source_inventory.csv,1379,07cb59ecdd5b194eb4c6c1a798b8fb3e4e5df3441a137ab872be2a004deb4610,6bd8e267626edaa531af68fd1c272378b1cd06ae4e85b81d5c9e1352d25ec48e,True
environmental-external.zip,outputs/wa_external_validation_20260926/target_censoring_audit.csv,7910473,32a10dca1672dc437e8519d065eca66421fac7b52a8c49e430bc07ff2aac0c03,c252fa200de9944060a179881e0fec0f01fdecae5679babd49c379b76b799750,True
environmental-external.zip,outputs/wa_external_validation_20260926/threshold_path.csv,2911,fc478be7cd729fe5a704a51cf40fb69dac12065a9610165971d05a34b473fdc2,7ec0446a7afd27430997eb38c996c0653dc1b5d0668178803ed83dad9471b04f,True
environmental-external.zip,outputs/wa_external_validation_20260926/threshold_transition_bounds.csv,1179,be9a25dd0ef88e867017cfef3f5c94ee404dca909228eeb15ffb31378448a1e4,404d92fab5eb264b887df2a4fad2c95082999f73aeb603d45a58ca9d94f69008,True
environmental-external.zip,outputs/wa_external_validation_20260926/ucmr3_national_system_identity.csv,235046,f9d584f839f4018faaf7ce6945f9101aa57703883351ef69ba39b0be5566fba7,f0985b2850f7381e1bed97bbac1121fed9fb3b2e369f7c314f7ff4a9a98b75d1,True
environmental-external.zip,outputs/wa_external_validation_20260926/ucmr3_washington_shared_six_rows.csv,450231,b176b188567929478b809dd4fabe4ffb317541b7bcb2ddff4b2e2f7f0a51d2bb,13875de2f3de1c645dc2bd34c19b0c13d02536f2f35c9c816242683e14da216e,True
environmental-external.zip,outputs/wa_external_validation_20260926/ucmr5_national_system_identity.csv,386902,35f4f795ab17a0a532fc4ad08e1a3af3d01c9d521e5b959905248439f9623b33,1ea7ffae90b127aa180ca6e4bda8d16f05d60b85b4bd4484e0a3af676ad553e9,True
environmental-external.zip,outputs/wa_external_validation_20260926/ucmr5_washington_shared_six_rows.csv,830461,03187e44ac15a210370f53fb4284ac3d007fa1cbd6d9e359c5fc18551a1aff9f,177b75bebbf8557301cd99dad55cbf311b69a92661f2e6868b0cb6cbccfa94e8,True
environmental-external.zip,outputs/wa_external_validation_20260926/ucmr_disjoint_finished_candidates.csv,996416,eb7f21b31f43b750b3a349ff28d01919e0a7d47f5092a5e35928042dc686b034,23295e204daf8419d48fb14f47d5eae0e8534288c970910e5439a4e8bbb4fa60,True
environmental-external.zip,outputs/wa_external_validation_20260926/verified_event_labels.csv,1059122,8eb379c39dcb5590454756671f60c273a5cffee24bb874ef983e218cd60eab0d,17a884adb8f4aa21b3ef78337c6edd88c86d59d87cdb9d28f5be9229d5991587,True
environmental-external.zip,outputs/wa_external_validation_20260926/verified_raw_file_hashes.csv,15697,800e3c663325414f7eadd74b9934ab17ee59525ec2379a931b5ccb0edf65eabf,7cdf7f68774d7c46d43f41d4899081dfb07590b667eecd5899f90a9001a29df7,True
environmental-external.zip,outputs/wv_finishedwater_external_20260925/analyte_reports.csv,1107,30d09c17a1b709bda87d5c481cbc8eac040a650bdab409dc1c81256a4b8ad094,30d09c17a1b709bda87d5c481cbc8eac040a650bdab409dc1c81256a4b8ad094,False
environmental-external.zip,outputs/wv_finishedwater_external_20260925/analytical_limit_audit.csv,338,06b028d0991c3fc83722e6c170e1693a0bb9158039a950bb6b560fe205675cb4,06b028d0991c3fc83722e6c170e1693a0bb9158039a950bb6b560fe205675cb4,False
environmental-external.zip,outputs/wv_finishedwater_external_20260925/complete_patterns.csv,17212,e89dd7b922bd809e4bf23d5f4e4ec71dae5d5e1b10bb764098a1ad4efb210bb1,e89dd7b922bd809e4bf23d5f4e4ec71dae5d5e1b10bb764098a1ad4efb210bb1,False
environmental-external.zip,outputs/wv_finishedwater_external_20260925/count_transitions.csv,3841,3575cb0fc24ba9c75696aa586169f9900ea2e7fbec76f683e06a9093cdcea415,3575cb0fc24ba9c75696aa586169f9900ea2e7fbec76f683e06a9093cdcea415,False
environmental-external.zip,outputs/wv_finishedwater_external_20260925/cutoff_vectors.csv,131,74e0128eef7b42f31ccd4b2bcaa4cb97ed03a51e493d3f87514540aca5fe7ec2,74e0128eef7b42f31ccd4b2bcaa4cb97ed03a51e493d3f87514540aca5fe7ec2,False
environmental-external.zip,outputs/wv_finishedwater_external_20260925/figures/origin_a_count_distribution.csv,195,8b635b270a3c72a48afbf4d71bd7a91dd54c5923977d302792b03e49aa4416c8,8b635b270a3c72a48afbf4d71bd7a91dd54c5923977d302792b03e49aa4416c8,False
environmental-external.zip,outputs/wv_finishedwater_external_20260925/figures/origin_b_threshold_path.csv,1284,c631d0c7638dee0b2f2181f5e2f639c76dffc0315421c6c5db05ab2af41a57db,c631d0c7638dee0b2f2181f5e2f639c76dffc0315421c6c5db05ab2af41a57db,False
environmental-external.zip,outputs/wv_finishedwater_external_20260925/figures/origin_c_complete_patterns.csv,427,f2e9a093f380fa264b2a21705177ee116cdf20f6888aeb78a3273582ad467f32,f2e9a093f380fa264b2a21705177ee116cdf20f6888aeb78a3273582ad467f32,False
environmental-external.zip,outputs/wv_finishedwater_external_20260925/figures/origin_c_membership_long.csv,1268,c8a3b046df4877f6ca48c91808666e3cdd55ebc8beb7f48b5a8be0351719b386,c8a3b046df4877f6ca48c91808666e3cdd55ebc8beb7f48b5a8be0351719b386,False
environmental-external.zip,outputs/wv_finishedwater_external_20260925/fourteen_multi_reported_samples.csv,1461,ec323ca42607829be08df72b7ed3074221485e3fb267e340a96cf96d2f65c329,ec323ca42607829be08df72b7ed3074221485e3fb267e340a96cf96d2f65c329,False
environmental-external.zip,outputs/wv_finishedwater_external_20260925/group_transitions.csv,761,51c6450f3d9acce50d61062fc1a108b874bf2b636bfbb7ec5238bf0a5550a0fa,51c6450f3d9acce50d61062fc1a108b874bf2b636bfbb7ec5238bf0a5550a0fa,False
environmental-external.zip,outputs/wv_finishedwater_external_20260925/pair_coreports.csv,3321,ad5605f0ab7a6a849f34c3e8847d27520c80f7e3e7cd8bfb24e53e03443ea60a,ad5605f0ab7a6a849f34c3e8847d27520c80f7e3e7cd8bfb24e53e03443ea60a,False
environmental-external.zip,outputs/wv_finishedwater_external_20260925/prior_identifier_matches.csv,89,58bb7d81542a8e49a0a67965445c52d1343da6456cf90bea3a6a4213fcdf8bbb,58bb7d81542a8e49a0a67965445c52d1343da6456cf90bea3a6a4213fcdf8bbb,False
environmental-external.zip,outputs/wv_finishedwater_external_20260925/qa_inventory.csv,7623,8682e443ae480b49c71cdec76a34ac7d6054988406aa6db888fd2324d4e631cd,8682e443ae480b49c71cdec76a34ac7d6054988406aa6db888fd2324d4e631cd,False
environmental-external.zip,outputs/wv_finishedwater_external_20260925/sample_identification.csv,23132,bb49efdcd229128cdc303d8aac0d90a6f05f703a5e50daf25aa0fcf2a85de8e8,bb49efdcd229128cdc303d8aac0d90a6f05f703a5e50daf25aa0fcf2a85de8e8,False
environmental-external.zip,outputs/wv_finishedwater_external_20260925/sensitivity_summary.csv,439,31f7bed423cc25b89eeb132da1e81d17b825d90ba57ba7e4b5f17a1416114a80,31f7bed423cc25b89eeb132da1e81d17b825d90ba57ba7e4b5f17a1416114a80,False
environmental-external.zip,outputs/wv_finishedwater_external_20260925/six_pfas_observations.csv,54660,939857c822ef3de396a69ea59885812dbcecc5f903172aebdc6f137cd8863cb5,939857c822ef3de396a69ea59885812dbcecc5f903172aebdc6f137cd8863cb5,False
environmental-external.zip,outputs/wv_finishedwater_external_20260925/source_inventory.csv,1105,df873eb9ae66b4aaaef8f362b86f6d3a6842c32f222c15f79d8d60032863358e,46ab1e4559707510e33be36922094349ef82730e83a76a29e586014b411904db,True
environmental-external.zip,outputs/wv_finishedwater_external_20260925/threshold_path.csv,3406,fca82215065067b45ddf925e51ac4d070e3c194c6486568dac9ae3fc60ad6fd5,fca82215065067b45ddf925e51ac4d070e3c194c6486568dac9ae3fc60ad6fd5,False
